Date,Close
2024-11-22,"2,1836"
2024-11-21,"2,2541"
2024-11-20,"2,2711"
2024-11-19,"2,254"
2024-11-18,"2,2527"
2024-11-15,"2,2097"
2024-11-14,"2,2024"
2024-11-13,"2,2947"
2024-11-12,"2,2788"
2024-11-11,"2,232"
2024-11-08,"2,2795"
2024-11-07,"2,3168"
2024-11-06,"2,308"
2024-11-05,"2,4279"
2024-11-04,"2,3812"
2024-11-01,"2,3601"
2024-10-31,"2,3682"
2024-10-30,"2,3837"
2024-10-29,"2,2875"
2024-10-28,"2,2746"
2024-10-25,"2,2921"
2024-10-24,"2,268"
2024-10-23,"2,3097"
2024-10-22,"2,3401"
2024-10-21,"2,3088"
2024-10-18,"2,2381"
2024-10-17,"2,2665"
2024-10-16,"2,2794"
2024-10-15,"2,3228"
2024-10-14,"2,3725"
2024-10-11,"2,3693"
2024-10-10,"2,3782"
2024-10-09,"2,4093"
2024-10-08,"2,3841"
2024-10-07,"2,4141"
2024-10-04,"2,3458"
2024-10-03,"2,2532"
2024-10-02,"2,2095"
2024-10-01,"2,1486"
2024-09-30,"2,2166"
2024-09-27,"2,2261"
2024-09-26,"2,2907"
2024-09-25,"2,2799"
2024-09-24,"2,2583"
2024-09-23,"2,279"
2024-09-20,"2,3348"
2024-09-19,"2,3449"
2024-09-18,"2,3611"
2024-09-17,"2,3257"
2024-09-16,"2,2844"
2024-09-13,"2,3106"
2024-09-12,"2,3383"
2024-09-11,"2,284"
2024-09-10,"2,3111"
2024-09-09,"2,3388"
2024-09-06,"2,3794"
2024-09-05,"2,3951"
2024-09-04,"2,4164"
2024-09-03,"2,4642"
2024-09-02,"2,5114"
2024-08-30,"2,4935"
2024-08-29,"2,4671"
2024-08-28,"2,4688"
2024-08-27,"2,4829"
2024-08-26,"2,4785"
2024-08-23,"2,4518"
2024-08-22,"2,4837"
2024-08-21,"2,4168"
2024-08-20,"2,4526"
2024-08-19,"2,489"
2024-08-16,"2,4936"
2024-08-15,"2,5093"
2024-08-14,"2,4269"
2024-08-13,"2,4359"
2024-08-12,"2,479"
2024-08-09,"2,4878"
2024-08-08,"2,5218"
2024-08-07,"2,5228"
2024-08-06,"2,4889"
2024-08-05,"2,503"
2024-08-02,"2,4781"
2024-08-01,"2,5213"
2024-07-31,"2,5788"
2024-07-30,"2,6131"
2024-07-29,"2,6447"
2024-07-26,"2,6772"
2024-07-25,"2,707"
2024-07-24,"2,7185"
2024-07-23,"2,7304"
2024-07-22,"2,7848"
2024-07-19,"2,7495"
2024-07-18,"2,7205"
2024-07-17,"2,7215"
2024-07-16,"2,7172"
2024-07-15,"2,7628"
2024-07-12,"2,7905"
2024-07-11,"2,7687"
2024-07-10,"2,8367"
2024-07-09,"2,8694"
2024-07-08,"2,8448"
2024-07-05,"2,8603"
2024-07-04,"2,9115"
2024-07-03,"2,8819"
2024-07-02,"2,9153"
2024-07-01,"2,9356"
2024-06-28,"2,883"
2024-06-27,"2,8519"
2024-06-26,"2,8526"
2024-06-25,"2,8228"
2024-06-24,"2,8223"
2024-06-21,"2,8142"
2024-06-20,"2,8386"
2024-06-19,"2,821"
2024-06-18,"2,8001"
2024-06-17,"2,821"
2024-06-14,"2,8"
2024-06-13,"2,8573"
2024-06-12,"2,8893"
2024-06-11,"2,9974"
2024-06-10,"3,0265"
2024-06-07,"2,9652"
2024-06-06,"2,8985"
2024-06-05,"2,8628"
2024-06-04,"2,8755"
2024-06-03,"2,9257"
2024-05-31,"3,016"
2024-05-30,"2,9892"
2024-05-29,"3,0319"
2024-05-28,"2,9586"
2024-05-27,"2,9291"
2024-05-24,"2,9623"
2024-05-23,"2,9642"
2024-05-22,"2,9122"
2024-05-21,"2,8731"
2024-05-20,"2,9058"
2024-05-17,"2,8936"
2024-05-16,"2,8374"
2024-05-15,"2,7943"
2024-05-14,"2,9049"
2024-05-13,"2,8726"
2024-05-10,"2,8971"
2024-05-09,"2,8657"
2024-05-08,"2,8512"
2024-05-07,"2,8144"
2024-05-06,"2,8455"
2024-05-03,"2,8701"
2024-05-02,"2,9228"
2024-05-01,
2024-04-30,"2,9719"
2024-04-29,"2,9048"
2024-04-26,"2,9467"
2024-04-25,"2,9993"
2024-04-24,"2,9628"
2024-04-23,"2,888"
2024-04-22,"2,8794"
2024-04-19,"2,9108"
2024-04-18,"2,9013"
2024-04-17,"2,8549"
2024-04-16,"2,8893"
2024-04-15,"2,8209"
2024-04-12,"2,7548"
2024-04-11,"2,8538"
2024-04-10,"2,8147"
2024-04-09,"2,7424"
2024-04-08,"2,7942"
2024-04-05,"2,7479"
2024-04-04,"2,7123"
2024-04-03,"2,7139"
2024-04-02,"2,7244"
2024-04-01,
2024-03-28,"2,6758"
2024-03-27,"2,6668"
2024-03-26,"2,7171"
2024-03-25,"2,7306"
2024-03-22,"2,6915"
2024-03-21,"2,7578"
2024-03-20,"2,792"
2024-03-19,"2,7948"
2024-03-18,"2,8111"
2024-03-15,"2,7927"
2024-03-14,"2,7786"
2024-03-13,"2,7066"
2024-03-12,"2,6727"
2024-03-11,"2,6485"
2024-03-08,"2,6154"
2024-03-07,"2,692"
2024-03-06,"2,715"
2024-03-05,"2,7129"
2024-03-04,"2,7808"
2024-03-01,"2,7899"
2024-02-29,"2,8051"
2024-02-28,"2,8438"
2024-02-27,"2,8573"
2024-02-26,"2,8431"
2024-02-23,"2,7611"
2024-02-22,"2,8415"
2024-02-21,"2,8216"
2024-02-20,"2,7561"
2024-02-19,"2,7924"
2024-02-16,"2,7994"
2024-02-15,"2,7365"
2024-02-14,"2,7183"
2024-02-13,"2,7862"
2024-02-12,"2,731"
2024-02-09,"2,7691"
2024-02-08,"2,7347"
2024-02-07,"2,6903"
2024-02-06,"2,658"
2024-02-05,"2,6817"
2024-02-02,"2,6171"
2024-02-01,"2,5273"
2024-01-31,"2,5148"
2024-01-30,"2,6032"
2024-01-29,"2,5719"
2024-01-26,"2,6277"
2024-01-25,"2,6274"
2024-01-24,"2,6906"
2024-01-23,"2,7174"
2024-01-22,"2,6749"
2024-01-19,"2,7079"
2024-01-18,"2,6923"
2024-01-17,"2,6717"
2024-01-16,"2,5948"
2024-01-15,"2,5757"
2024-01-12,"2,5389"
2024-01-11,"2,6152"
2024-01-10,"2,6329"
2024-01-09,"2,6084"
2024-01-08,"2,5418"
2024-01-05,"2,577"
2024-01-04,"2,5334"
2024-01-03,"2,4107"
2024-01-02,"2,4717"
2023-12-29,"2,435"
2023-12-28,"2,3885"
2023-12-27,"2,3639"
2023-12-26,
2023-12-22,"2,4114"
2023-12-21,"2,4362"
2023-12-20,"2,4497"
2023-12-19,"2,4953"
2023-12-18,"2,5396"
2023-12-15,"2,4984"
2023-12-14,"2,577"
2023-12-13,"2,6696"
2023-12-12,"2,7146"
2023-12-11,"2,7398"
2023-12-08,"2,729"
2023-12-07,"2,6557"
2023-12-06,"2,6848"
2023-12-05,"2,7043"
2023-12-04,"2,7985"
2023-12-01,"2,8051"
2023-11-30,"2,9276"
2023-11-29,"2,9222"
2023-11-28,"2,9827"
2023-11-27,"3,0466"
2023-11-24,"3,1434"
2023-11-23,"3,1254"
2023-11-22,"3,0775"
2023-11-21,"3,0478"
2023-11-20,"3,083"
2023-11-17,"3,0736"
2023-11-16,"3,056"
2023-11-15,"3,1126"
2023-11-14,"3,0897"
2023-11-13,"3,1915"
2023-11-10,"3,1843"
2023-11-09,"3,123"
2023-11-08,"3,1164"
2023-11-07,"3,1351"
2023-11-06,"3,1685"
2023-11-03,"3,1075"
2023-11-02,"3,1663"
2023-11-01,"3,198"
2023-10-31,"3,2611"
2023-10-30,"3,2818"
2023-10-27,"3,2952"
2023-10-26,"3,3314"
2023-10-25,"3,3991"
2023-10-24,"3,3628"
2023-10-23,"3,4154"
2023-10-20,"3,4375"
2023-10-19,"3,4759"
2023-10-18,"3,4682"
2023-10-17,"3,4528"
2023-10-16,"3,3723"
2023-10-13,"3,3457"
2023-10-12,"3,3714"
2023-10-11,"3,3212"
2023-10-10,"3,3308"
2023-10-09,"3,3133"
2023-10-06,"3,408"
2023-10-05,"3,4017"
2023-10-04,"3,4616"
2023-10-03,"3,4881"
2023-10-02,"3,46"
2023-09-29,"3,4106"
2023-09-28,"3,503"
2023-09-27,"3,4233"
2023-09-26,"3,3911"
2023-09-25,"3,3832"
2023-09-22,"3,3617"
2023-09-21,"3,3702"
2023-09-20,"3,3406"
2023-09-19,"3,3684"
2023-09-18,"3,3411"
2023-09-15,"3,3109"
2023-09-14,"3,2473"
2023-09-13,"3,3085"
2023-09-12,"3,2933"
2023-09-11,"3,2666"
2023-09-08,"3,2493"
2023-09-07,"3,2456"
2023-09-06,"3,2787"
2023-09-05,"3,2429"
2023-09-04,"3,23"
2023-09-01,"3,1903"
2023-08-31,"3,1336"
2023-08-30,"3,2431"
2023-08-29,"3,2152"
2023-08-28,"3,2629"
2023-08-25,"3,266"
2023-08-24,"3,2098"
2023-08-23,"3,1894"
2023-08-22,"3,3263"
2023-08-21,"3,375"
2023-08-18,"3,3111"
2023-08-17,"3,3819"
2023-08-16,"3,3478"
2023-08-15,"3,3778"
2023-08-14,"3,3284"
2023-08-11,"3,3184"
2023-08-10,"3,236"
2023-08-09,"3,2048"
2023-08-08,"3,188"
2023-08-07,"3,2789"
2023-08-04,"3,2643"
2023-08-03,"3,278"
2023-08-02,"3,2187"
2023-08-01,"3,2539"
2023-07-31,"3,2043"
2023-07-28,"3,2214"
2023-07-27,"3,2387"
2023-07-26,"3,2664"
2023-07-25,"3,1995"
2023-07-24,"3,2135"
2023-07-21,"3,2617"
2023-07-20,"3,2835"
2023-07-19,"3,2137"
2023-07-18,"3,1837"
2023-07-17,"3,2723"
2023-07-14,"3,3096"
2023-07-13,"3,2614"
2023-07-12,"3,3575"
2023-07-11,"3,447"
2023-07-10,"3,4541"
2023-07-07,"3,4335"
2023-07-06,"3,4671"
2023-07-05,"3,3236"
2023-07-04,"3,3185"
2023-07-03,"3,3275"
2023-06-30,"3,2685"
2023-06-29,"3,282"
2023-06-28,"3,1776"
2023-06-27,"3,2192"
2023-06-26,"3,1575"
2023-06-23,"3,2056"
2023-06-22,"3,3187"
2023-06-21,"3,2387"
2023-06-20,"3,1985"
2023-06-19,"3,2901"
2023-06-16,"3,2446"
2023-06-15,"3,2544"
2023-06-14,"3,1826"
2023-06-13,"3,1507"
2023-06-12,"3,0825"
2023-06-09,"3,0921"
2023-06-08,"3,1042"
2023-06-07,"3,152"
2023-06-06,"3,0728"
2023-06-05,"3,1087"
2023-06-02,"3,0586"
2023-06-01,"2,9902"
2023-05-31,"3,0275"
2023-05-30,"3,0853"
2023-05-29,"3,1951"
2023-05-26,"3,2695"
2023-05-25,"3,2571"
2023-05-24,"3,2154"
2023-05-23,"3,1788"
2023-05-22,"3,161"
2023-05-19,"3,1433"
2023-05-18,"3,1432"
2023-05-17,"3,0525"
2023-05-16,"3,0321"
2023-05-15,"2,9752"
2023-05-12,"2,9715"
2023-05-11,"2,9147"
2023-05-10,"2,967"
2023-05-09,"3,0245"
2023-05-08,"3,0098"
2023-05-05,"2,9702"
2023-05-04,"2,9004"
2023-05-03,"2,9924"
2023-05-02,"2,9975"
2023-05-01,
2023-04-28,"3,0615"
2023-04-27,"3,1708"
2023-04-26,"3,1568"
2023-04-25,"3,152"
2023-04-24,"3,2647"
2023-04-21,"3,2191"
2023-04-20,"3,1983"
2023-04-19,"3,2464"
2023-04-18,"3,2129"
2023-04-17,"3,1747"
2023-04-14,"3,131"
2023-04-13,"3,0693"
2023-04-12,"3,0977"
2023-04-11,"3,0286"
2023-04-10,
2023-04-07,
2023-04-06,"2,9147"
2023-04-05,"2,895"
2023-04-04,"2,9643"
2023-04-03,"3,0147"
2023-03-31,"3,0502"
2023-03-30,"3,1035"
2023-03-29,"3,0346"
2023-03-28,"3,0173"
2023-03-27,"2,9892"
2023-03-24,"2,9163"
2023-03-23,"2,9811"
2023-03-22,"3,1035"
2023-03-21,"3,045"
2023-03-20,"2,9404"
2023-03-17,"2,9569"
2023-03-16,"3,0752"
2023-03-15,"3,089"
2023-03-14,"3,2192"
2023-03-13,"3,1181"
2023-03-10,"3,2552"
2023-03-09,"3,3837"
2023-03-08,"3,4235"
2023-03-07,"3,4214"
2023-03-06,"3,4715"
2023-03-03,"3,4437"
2023-03-02,"3,4827"
2023-03-01,"3,456"
2023-02-28,"3,3775"
2023-02-27,"3,3286"
2023-02-24,"3,2691"
2023-02-23,"3,1967"
2023-02-22,"3,2101"
2023-02-21,"3,213"
2023-02-20,"3,1513"
2023-02-17,"3,1173"
2023-02-16,"3,1249"
2023-02-15,"3,1167"
2023-02-14,"3,1072"
2023-02-13,"3,0078"
2023-02-10,"2,9858"
2023-02-09,"2,9311"
2023-02-08,"2,9485"
2023-02-07,"2,9764"
2023-02-06,"2,9355"
2023-02-03,"2,8202"
2023-02-02,"2,7257"
2023-02-01,"2,9337"
2023-01-31,"2,9411"
2023-01-30,"2,9772"
2023-01-27,"2,8948"
2023-01-26,"2,8693"
2023-01-25,"2,8318"
2023-01-24,"2,8459"
2023-01-23,"2,8611"
2023-01-20,"2,8146"
2023-01-19,"2,7332"
2023-01-18,"2,6779"
2023-01-17,"2,6917"
2023-01-16,"2,7812"
2023-01-13,"2,7873"
2023-01-12,"2,7757"
2023-01-11,"2,8354"
2023-01-10,"2,9617"
2023-01-09,"2,9213"
2023-01-06,"2,9123"
2023-01-05,"2,9839"
2023-01-04,"2,939"
2023-01-03,"3,0503"
2023-01-02,"3,1275"
2022-12-30,"3,2631"
2022-12-29,"3,156"
2022-12-28,"3,2049"
2022-12-27,"3,2398"
2022-12-23,"3,1527"
2022-12-22,"3,0893"
2022-12-21,"3,0458"
2022-12-20,"3,0013"
2022-12-19,"2,9219"
2022-12-16,"2,9027"
2022-12-15,"2,8508"
2022-12-14,"2,6612"
2022-12-13,"2,6981"
2022-12-12,"2,7089"
2022-12-09,"2,6614"
2022-12-08,"2,6089"
2022-12-07,"2,5651"
2022-12-06,"2,5874"
2022-12-05,"2,6451"
2022-12-02,"2,6106"
2022-12-01,"2,5428"
2022-11-30,"2,6642"
2022-11-29,"2,6792"
2022-11-28,"2,731"
2022-11-25,"2,7019"
2022-11-24,"2,6283"
2022-11-23,"2,6901"
2022-11-22,"2,7046"
2022-11-21,"2,7368"
2022-11-18,"2,766"
2022-11-17,"2,7406"
2022-11-16,"2,7008"
2022-11-15,"2,7676"
2022-11-14,"2,8204"
2022-11-11,"2,8349"
2022-11-10,"2,7561"
2022-11-09,"2,897"
2022-11-08,"3,0145"
2022-11-07,"3,094"
2022-11-04,"3,0787"
2022-11-03,"3,0484"
2022-11-02,"2,9457"
2022-11-01,"2,9331"
2022-10-31,"2,9436"
2022-10-28,"2,9075"
2022-10-27,"2,7347"
2022-10-26,"2,9012"
2022-10-25,"2,9339"
2022-10-24,"3,0542"
2022-10-21,"3,1306"
2022-10-20,"3,1944"
2022-10-19,"3,1635"
2022-10-18,"3,0942"
2022-10-17,"3,1365"
2022-10-14,"3,1634"
2022-10-13,"3,1318"
2022-10-12,"3,1228"
2022-10-11,"3,1497"
2022-10-10,"3,204"
2022-10-07,"3,1111"
2022-10-06,"2,9998"
2022-10-05,"2,8527"
2022-10-04,"2,7106"
2022-10-03,"2,7781"
2022-09-30,"2,9843"
2022-09-29,"3,0489"
2022-09-28,"3,068"
2022-09-27,"3,1661"
2022-09-26,"3,0772"
2022-09-23,"2,9334"
2022-09-22,"2,8147"
2022-09-21,"2,7192"
2022-09-20,"2,6599"
2022-09-19,"2,544"
2022-09-16,"2,4807"
2022-09-15,"2,5154"
2022-09-14,"2,4608"
2022-09-13,"2,4567"
2022-09-12,"2,3354"
2022-09-09,"2,3809"
2022-09-08,"2,3904"
2022-09-07,"2,2757"
2022-09-06,"2,3447"
2022-09-05,"2,3098"
2022-09-02,"2,1974"
2022-09-01,"2,2662"
2022-08-31,"2,2696"
2022-08-30,"2,2519"
2022-08-29,"2,239"
2022-08-26,"2,124"
2022-08-25,"1,9894"
2022-08-24,"2,07"
2022-08-23,"2,0011"
2022-08-22,"2,0013"
2022-08-19,"1,8635"
2022-08-18,"1,7394"
2022-08-17,"1,6829"
2022-08-16,"1,5515"
2022-08-15,"1,5093"
2022-08-12,"1,5923"
2022-08-11,"1,5616"
2022-08-10,"1,522"
2022-08-09,"1,5469"
2022-08-08,"1,517"
2022-08-05,"1,5603"
2022-08-04,"1,39"
2022-08-03,"1,4568"
2022-08-02,"1,3914"
2022-08-01,"1,3388"
2022-07-29,"1,3535"
2022-07-28,"1,3567"
2022-07-27,"1,4932"
2022-07-26,"1,4248"
2022-07-25,"1,5096"
2022-07-22,"1,5651"
2022-07-21,"1,7798"
2022-07-20,"1,7533"
2022-07-19,"1,7861"
2022-07-18,"1,6836"
2022-07-15,"1,6329"
2022-07-14,"1,6776"
2022-07-13,"1,6098"
2022-07-12,"1,5886"
2022-07-11,"1,6741"
2022-07-08,"1,7479"
2022-07-07,"1,7414"
2022-07-06,"1,6223"
2022-07-05,"1,6623"
2022-07-04,"1,7889"
2022-07-01,"1,6777"
2022-06-30,"1,8101"
2022-06-29,"2,0039"
2022-06-28,"2,1037"
2022-06-27,"2,0291"
2022-06-24,"1,9173"
2022-06-23,"1,9329"
2022-06-22,"2,1901"
2022-06-21,"2,3176"
2022-06-20,"2,2981"
2022-06-17,"2,204"
2022-06-16,"2,3017"
2022-06-15,"2,2069"
2022-06-14,"2,3898"
2022-06-13,"2,1941"
2022-06-10,"1,9948"
2022-06-09,"1,886"
2022-06-08,"1,7755"
2022-06-07,"1,7297"
2022-06-06,"1,7471"
2022-06-03,"1,7166"
2022-06-02,"1,6704"
2022-06-01,"1,5867"
2022-05-31,"1,5154"
2022-05-30,"1,4566"
2022-05-27,"1,3901"
2022-05-26,"1,4028"
2022-05-25,"1,3813"
2022-05-24,"1,3774"
2022-05-23,"1,4215"
2022-05-20,"1,354"
2022-05-19,"1,4139"
2022-05-18,"1,428"
2022-05-17,"1,4238"
2022-05-16,"1,3249"
2022-05-13,"1,335"
2022-05-12,"1,3032"
2022-05-11,"1,4318"
2022-05-10,"1,5106"
2022-05-09,"1,5912"
2022-05-06,"1,633"
2022-05-05,"1,5239"
2022-05-04,"1,4927"
2022-05-03,"1,4904"
2022-05-02,"1,4602"
2022-04-29,"1,4427"
2022-04-28,"1,3922"
2022-04-27,"1,2814"
2022-04-26,"1,3069"
2022-04-25,"1,3241"
2022-04-22,"1,4423"
2022-04-21,"1,3948"
2022-04-20,"1,2812"
2022-04-19,"1,3207"
2022-04-18,
2022-04-15,"1,3003"
2022-04-14,"1,3034"
2022-04-13,"1,251"
2022-04-12,"1,2497"
2022-04-11,"1,281"
2022-04-08,"1,2067"
2022-04-07,"1,1313"
2022-04-06,"1,0949"
2022-04-05,"1,0957"
2022-04-04,"1,0028"
2022-04-01,"1,0115"
2022-03-31,"0,9889"
2022-03-30,"1,1135"
2022-03-29,"1,0539"
2022-03-28,"0,9804"
2022-03-25,"0,9835"
2022-03-24,"0,8972"
2022-03-23,"0,8087"
2022-03-22,"0,847"
2022-03-21,"0,8076"
2022-03-18,"0,7483"
2022-03-17,"0,7456"
2022-03-16,"0,7892"
2022-03-15,"0,7461"
2022-03-14,"0,769"
2022-03-11,"0,6958"
2022-03-10,"0,6691"
2022-03-09,"0,5698"
2022-03-08,"0,5324"
2022-03-07,"0,4349"
2022-03-04,"0,3937"
2022-03-03,"0,4552"
2022-03-02,"0,4256"
2022-03-01,"0,3357"
2022-02-28,"0,466"
2022-02-25,"0,6258"
2022-02-24,"0,567"
2022-02-23,"0,6318"
2022-02-22,"0,6033"
2022-02-21,"0,562"
2022-02-18,"0,5297"
2022-02-17,"0,5703"
2022-02-16,"0,6106"
2022-02-15,"0,6384"
2022-02-14,"0,6694"
2022-02-11,"0,6614"
2022-02-10,"0,6828"
2022-02-09,"0,5503"
2022-02-08,"0,5963"
2022-02-07,"0,5434"
2022-02-04,"0,5122"
2022-02-03,"0,4263"
2022-02-02,"0,283"
2022-02-01,"0,2504"
2022-01-31,"0,2395"
2022-01-28,"0,1726"
2022-01-27,"0,1404"
2022-01-26,"0,1143"
2022-01-25,"0,1154"
2022-01-24,"0,0836"
2022-01-21,"0,1079"
2022-01-20,"0,1246"
2022-01-19,"0,1275"
2022-01-18,"0,133"
2022-01-17,"0,126"
2022-01-14,"0,1072"
2022-01-13,"0,06"
2022-01-12,"0,0802"
2022-01-11,"0,1118"
2022-01-10,"0,0926"
2022-01-07,"0,0822"
2022-01-06,"0,0611"
2022-01-05,"0,0356"
2022-01-04,"0,0463"
2022-01-03,"0,0508"
2021-12-31,"0,0235"
2021-12-30,"0,0223"
2021-12-29,"0,0295"
2021-12-28,"−0,0023"
2021-12-27,"−0,008"
2021-12-24,"−0,0232"
2021-12-23,"−0,022"
2021-12-22,"−0,0526"
2021-12-21,"−0,0719"
2021-12-20,"−0,116"
2021-12-17,"−0,1262"
2021-12-16,"−0,1119"
2021-12-15,"−0,1014"
2021-12-14,"−0,1211"
2021-12-13,"−0,1333"
2021-12-10,"−0,1138"
2021-12-09,"−0,119"
2021-12-08,"−0,0862"
2021-12-07,"−0,1117"
2021-12-06,"−0,1295"
2021-12-03,"−0,1408"
2021-12-02,"−0,1269"
2021-12-01,"−0,113"
2021-11-30,"−0,1175"
2021-11-29,"−0,1159"
2021-11-26,"−0,1391"
2021-11-25,"−0,0755"
2021-11-24,"−0,0658"
2021-11-23,"−0,0594"
2021-11-22,"−0,1108"
2021-11-19,"−0,1359"
2021-11-18,"−0,0835"
2021-11-17,"−0,0797"
2021-11-16,"−0,0614"
2021-11-15,"−0,0598"
2021-11-12,"−0,0641"
2021-11-11,"−0,0261"
2021-11-10,"−0,0641"
2021-11-09,"−0,146"
2021-11-08,"−0,1244"
2021-11-05,"−0,1508"
2021-11-04,"−0,137"
2021-11-03,"−0,03"
2021-11-02,"−0,0458"
2021-11-01,"0,0335"
2021-10-29,"0,0518"
2021-10-28,"−0,01"
2021-10-27,"−0,0491"
2021-10-26,"−0,0312"
2021-10-25,"−0,0386"
2021-10-22,"−0,0202"
2021-10-21,"−0,037"
2021-10-20,"−0,0774"
2021-10-19,"−0,0447"
2021-10-18,"−0,0624"
2021-10-15,"−0,1203"
2021-10-14,"−0,1447"
2021-10-13,"−0,0849"
2021-10-12,"−0,07"
2021-10-11,"−0,0984"
2021-10-08,"−0,1356"
2021-10-07,"−0,1741"
2021-10-06,"−0,1727"
2021-10-05,"−0,1766"
2021-10-04,"−0,2024"
2021-10-01,"−0,2042"
2021-09-30,"−0,1906"
2021-09-29,"−0,185"
2021-09-28,"−0,1736"
2021-09-27,"−0,1886"
2021-09-24,"−0,1936"
2021-09-23,"−0,2076"
2021-09-22,"−0,2605"
2021-09-21,"−0,2547"
2021-09-20,"−0,2556"
2021-09-17,"−0,2451"
2021-09-16,"−0,2645"
2021-09-15,"−0,2686"
2021-09-14,"−0,2877"
2021-09-13,"−0,2798"
2021-09-10,"−0,2822"
2021-09-09,"−0,3072"
2021-09-08,"−0,2841"
2021-09-07,"−0,2871"
2021-09-06,"−0,3076"
2021-09-03,"−0,3126"
2021-09-02,"−0,3317"
2021-09-01,"−0,322"
2021-08-31,"−0,3283"
2021-08-30,"−0,3565"
2021-08-27,"−0,3471"
2021-08-26,"−0,3435"
2021-08-25,"−0,3532"
2021-08-24,"−0,3759"
2021-08-23,"−0,3746"
2021-08-20,"−0,3792"
2021-08-19,"−0,378"
2021-08-18,"−0,3701"
2021-08-17,"−0,3676"
2021-08-16,"−0,3667"
2021-08-13,"−0,3702"
2021-08-12,"−0,3609"
2021-08-11,"−0,3699"
2021-08-10,"−0,3581"
2021-08-09,"−0,3611"
2021-08-06,"−0,3572"
2021-08-05,"−0,3819"
2021-08-04,"−0,385"
2021-08-03,"−0,3796"
2021-08-02,"−0,3762"
2021-07-30,"−0,3593"
2021-07-29,"−0,3562"
2021-07-28,"−0,352"
2021-07-27,"−0,3542"
2021-07-26,"−0,3432"
2021-07-23,"−0,3473"
2021-07-22,"−0,3463"
2021-07-21,"−0,3271"
2021-07-20,"−0,3415"
2021-07-19,"−0,3329"
2021-07-16,"−0,314"
2021-07-15,"−0,3088"
2021-07-14,"−0,3034"
2021-07-13,"−0,2928"
2021-07-12,"−0,2985"
2021-07-09,"−0,3001"
2021-07-08,"−0,3089"
2021-07-07,"−0,305"
2021-07-06,"−0,287"
2021-07-05,"−0,2568"
2021-07-02,"−0,2757"
2021-07-01,"−0,2538"
2021-06-30,"−0,2534"
2021-06-29,"−0,2312"
2021-06-28,"−0,2425"
2021-06-25,"−0,231"
2021-06-24,"−0,2458"
2021-06-23,"−0,2462"
2021-06-22,"−0,2407"
2021-06-21,"−0,2366"
2021-06-18,"−0,2555"
2021-06-17,"−0,267"
2021-06-16,"−0,2829"
2021-06-15,"−0,2754"
2021-06-14,"−0,284"
2021-06-11,"−0,3015"
2021-06-10,"−0,2925"
2021-06-09,"−0,2866"
2021-06-08,"−0,2729"
2021-06-07,"−0,2603"
2021-06-04,"−0,2726"
2021-06-03,"−0,2594"
2021-06-02,"−0,2699"
2021-06-01,"−0,2598"
2021-05-31,"−0,2579"
2021-05-28,"−0,2553"
2021-05-27,"−0,2455"
2021-05-26,"−0,2714"
2021-05-25,"−0,2511"
2021-05-24,"−0,235"
2021-05-21,"−0,2289"
2021-05-20,"−0,2054"
2021-05-19,"−0,2082"
2021-05-18,"−0,2067"
2021-05-17,"−0,2221"
2021-05-14,"−0,226"
2021-05-13,"−0,2237"
2021-05-12,"−0,2193"
2021-05-11,"−0,2394"
2021-05-10,"−0,2639"
2021-05-07,"−0,2619"
2021-05-06,"−0,2789"
2021-05-05,"−0,2817"
2021-05-04,"−0,2802"
2021-05-03,"−0,2602"
2021-04-30,"−0,2595"
2021-04-29,"−0,2452"
2021-04-28,"−0,2715"
2021-04-27,"−0,2796"
2021-04-26,"−0,2842"
2021-04-23,"−0,2899"
2021-04-22,"−0,2959"
2021-04-21,"−0,3015"
2021-04-20,"−0,2984"
2021-04-19,"−0,279"
2021-04-16,"−0,3046"
2021-04-15,"−0,3244"
2021-04-14,"−0,2927"
2021-04-13,"−0,3208"
2021-04-12,"−0,3211"
2021-04-09,"−0,3237"
2021-04-08,"−0,3507"
2021-04-07,"−0,3378"
2021-04-06,"−0,3327"
2021-04-05,
2021-04-02,"−0,3323"
2021-04-01,"−0,3325"
2021-03-31,"−0,3101"
2021-03-30,"−0,3176"
2021-03-29,"−0,3356"
2021-03-26,"−0,3477"
2021-03-25,"−0,3635"
2021-03-24,"−0,3539"
2021-03-23,"−0,3422"
2021-03-22,"−0,33"
2021-03-19,"−0,3228"
2021-03-18,"−0,3066"
2021-03-17,"−0,3212"
2021-03-16,"−0,3416"
2021-03-15,"−0,3353"
2021-03-12,"−0,3159"
2021-03-11,"−0,3264"
2021-03-10,"−0,3165"
2021-03-09,"−0,309"
2021-03-08,"−0,3011"
2021-03-05,"−0,3248"
2021-03-04,"−0,3069"
2021-03-03,"−0,3197"
2021-03-02,"−0,353"
2021-03-01,"−0,342"
2021-02-26,"−0,2928"
2021-02-25,"−0,2526"
2021-02-24,"−0,3249"
2021-02-23,"−0,3318"
2021-02-22,"−0,3382"
2021-02-19,"−0,3184"
2021-02-18,"−0,3435"
2021-02-17,"−0,3636"
2021-02-16,"−0,3479"
2021-02-15,"−0,3685"
2021-02-12,"−0,386"
2021-02-11,"−0,3985"
2021-02-10,"−0,3978"
2021-02-09,"−0,3978"
2021-02-08,"−0,3944"
2021-02-05,"−0,3914"
2021-02-04,"−0,4041"
2021-02-03,"−0,4078"
2021-02-02,"−0,4245"
2021-02-01,"−0,4359"
2021-01-29,"−0,439"
2021-01-28,"−0,4405"
2021-01-27,"−0,448"
2021-01-26,"−0,4333"
2021-01-25,"−0,447"
2021-01-22,"−0,4287"
2021-01-21,"−0,4198"
2021-01-20,"−0,4405"
2021-01-19,"−0,4378"
2021-01-18,"−0,4458"
2021-01-15,"−0,4528"
2021-01-14,"−0,4563"
2021-01-13,"−0,4412"
2021-01-12,"−0,4123"
2021-01-11,"−0,4345"
2021-01-08,"−0,4486"
2021-01-07,"−0,4512"
2021-01-06,"−0,4587"
2021-01-05,"−0,4712"
2021-01-04,"−0,4814"
2020-12-31,"−0,4531"
2020-12-30,"−0,4528"
2020-12-29,"−0,4544"
2020-12-28,"−0,4456"
2020-12-25,"−0,4296"
2020-12-24,"−0,4296"
2020-12-23,"−0,4348"
2020-12-22,"−0,4563"
2020-12-21,"−0,4571"
2020-12-18,"−0,4576"
2020-12-17,"−0,4603"
2020-12-16,"−0,4636"
2020-12-15,"−0,4877"
2020-12-14,"−0,4922"
2020-12-11,"−0,4939"
2020-12-10,"−0,4751"
2020-12-09,"−0,4838"
2020-12-08,"−0,4812"
2020-12-07,"−0,47"
2020-12-04,"−0,4518"
2020-12-03,"−0,4532"
2020-12-02,"−0,441"
2020-12-01,"−0,4392"
2020-11-30,"−0,455"
2020-11-27,"−0,4584"
2020-11-26,"−0,4568"
2020-11-25,"−0,4496"
2020-11-24,"−0,4447"
2020-11-23,"−0,4544"
2020-11-20,"−0,4648"
2020-11-19,"−0,456"
2020-11-18,"−0,4421"
2020-11-17,"−0,4497"
2020-11-16,"−0,4398"
2020-11-13,"−0,4458"
2020-11-12,"−0,4411"
2020-11-11,"−0,4258"
2020-11-10,"−0,4135"
2020-11-09,"−0,4289"
2020-11-06,"−0,4793"
2020-11-05,"−0,4827"
2020-11-04,"−0,4816"
2020-11-03,"−0,4717"
2020-11-02,"−0,4839"
2020-10-30,"−0,4829"
2020-10-29,"−0,4766"
2020-10-28,"−0,473"
2020-10-27,"−0,4737"
2020-10-26,"−0,4528"
2020-10-23,"−0,4536"
2020-10-22,"−0,452"
2020-10-21,"−0,4587"
2020-10-20,"−0,4601"
2020-10-19,"−0,4873"
2020-10-16,"−0,4819"
2020-10-15,"−0,4736"
2020-10-14,"−0,4653"
2020-10-13,"−0,4539"
2020-10-12,"−0,444"
2020-10-09,"−0,4404"
2020-10-08,"−0,4342"
2020-10-07,"−0,4253"
2020-10-06,"−0,4233"
2020-10-05,"−0,4232"
2020-10-02,"−0,4335"
2020-10-01,"−0,4314"
2020-09-30,"−0,4231"
2020-09-29,"−0,4348"
2020-09-28,"−0,4247"
2020-09-25,"−0,4285"
2020-09-24,"−0,419"
2020-09-23,"−0,4273"
2020-09-22,"−0,4317"
2020-09-21,"−0,4343"
2020-09-18,"−0,4194"
2020-09-17,"−0,422"
2020-09-16,"−0,4081"
2020-09-15,"−0,409"
2020-09-14,"−0,4125"
2020-09-11,"−0,4146"
2020-09-10,"−0,385"
2020-09-09,"−0,3993"
2020-09-08,"−0,4195"
2020-09-07,"−0,4096"
2020-09-04,"−0,3971"
2020-09-03,"−0,4086"
2020-09-02,"−0,4036"
2020-09-01,"−0,377"
2020-08-31,"−0,3559"
2020-08-28,"−0,3572"
2020-08-27,"−0,3478"
2020-08-26,"−0,3603"
2020-08-25,"−0,3658"
2020-08-24,"−0,3945"
2020-08-21,"−0,4006"
2020-08-20,"−0,3919"
2020-08-19,"−0,381"
2020-08-18,"−0,3712"
2020-08-17,"−0,3663"
2020-08-14,"−0,3427"
2020-08-13,"−0,3377"
2020-08-12,"−0,3617"
2020-08-11,"−0,3734"
2020-08-10,"−0,3982"
2020-08-07,"−0,3755"
2020-08-06,"−0,3923"
2020-08-05,"−0,379"
2020-08-04,"−0,413"
2020-08-03,"−0,3927"
2020-07-31,"−0,3942"
2020-07-30,"−0,4035"
2020-07-29,"−0,3753"
2020-07-28,"−0,3873"
2020-07-27,"−0,3731"
2020-07-24,"−0,3576"
2020-07-23,"−0,3782"
2020-07-22,"−0,3845"
2020-07-21,"−0,3697"
2020-07-20,"−0,3621"
2020-07-17,"−0,3484"
2020-07-16,"−0,3628"
2020-07-15,"−0,3463"
2020-07-14,"−0,3415"
2020-07-13,"−0,3249"
2020-07-10,"−0,3569"
2020-07-09,"−0,3506"
2020-07-08,"−0,3361"
2020-07-07,"−0,3346"
2020-07-06,"−0,345"
2020-07-03,"−0,3438"
2020-07-02,"−0,3471"
2020-07-01,"−0,3267"
2020-06-30,"−0,3502"
2020-06-29,"−0,348"
2020-06-26,"−0,3562"
2020-06-25,"−0,3428"
2020-06-24,"−0,339"
2020-06-23,"−0,326"
2020-06-22,"−0,3436"
2020-06-19,"−0,3201"
2020-06-18,"−0,3159"
2020-06-17,"−0,3037"
2020-06-16,"−0,2946"
2020-06-15,"−0,2956"
2020-06-12,"−0,2969"
2020-06-11,"−0,2845"
2020-06-10,"−0,2408"
2020-06-09,"−0,2438"
2020-06-08,"−0,2606"
2020-06-05,"−0,2322"
2020-06-04,"−0,2389"
2020-06-03,"−0,2454"
2020-06-02,"−0,2683"
2020-06-01,"−0,2719"
2020-05-29,"−0,285"
2020-05-28,"−0,2654"
2020-05-27,"−0,255"
2020-05-26,"−0,2546"
2020-05-25,"−0,2813"
2020-05-22,"−0,2821"
2020-05-21,"−0,2836"
2020-05-20,"−0,2702"
2020-05-19,"−0,2669"
2020-05-18,"−0,2675"
2020-05-15,"−0,291"
2020-05-14,"−0,3062"
2020-05-13,"−0,3007"
2020-05-12,"−0,296"
2020-05-11,"−0,2858"
2020-05-08,"−0,2953"
2020-05-07,"−0,3021"
2020-05-06,"−0,2926"
2020-05-05,"−0,3251"
2020-05-04,"−0,3149"
2020-05-01,
2020-04-30,"−0,3313"
2020-04-29,"−0,2654"
2020-04-28,"−0,2486"
2020-04-27,"−0,2213"
2020-04-24,"−0,2287"
2020-04-23,"−0,1778"
2020-04-22,"−0,1543"
2020-04-21,"−0,2044"
2020-04-20,"−0,2142"
2020-04-17,"−0,2456"
2020-04-16,"−0,2525"
2020-04-15,"−0,2366"
2020-04-14,"−0,2114"
2020-04-13,
2020-04-09,"−0,1979"
2020-04-08,"−0,1529"
2020-04-07,"−0,1558"
2020-04-06,"−0,2186"
2020-04-03,"−0,2286"
2020-04-02,"−0,2236"
2020-04-01,"−0,2268"
2020-03-31,"−0,2216"
2020-03-30,"−0,2296"
2020-03-27,"−0,2209"
2020-03-26,"−0,1668"
2020-03-25,"−0,1008"
2020-03-24,"−0,13"
2020-03-23,"−0,1545"
2020-03-20,"−0,1425"
2020-03-19,"−0,0765"
2020-03-18,"−0,1094"
2020-03-17,"−0,2349"
2020-03-16,"−0,2327"
2020-03-13,"−0,2617"
2020-03-12,"−0,3593"
2020-03-11,"−0,4117"
2020-03-10,"−0,3926"
2020-03-09,"−0,4426"
2020-03-06,"−0,4148"
2020-03-05,"−0,4223"
2020-03-04,"−0,4231"
2020-03-03,"−0,4087"
2020-03-02,"−0,4024"
2020-02-28,"−0,3682"
2020-02-27,"−0,3454"
2020-02-26,"−0,3377"
2020-02-25,"−0,3446"
2020-02-24,"−0,333"
2020-02-21,"−0,2997"
2020-02-20,"−0,3127"
2020-02-19,"−0,3089"
2020-02-18,"−0,3022"
2020-02-17,"−0,2977"
2020-02-14,"−0,295"
2020-02-13,"−0,281"
2020-02-12,"−0,2714"
2020-02-11,"−0,2754"
2020-02-10,"−0,2845"
2020-02-07,"−0,2594"
2020-02-06,"−0,25"
2020-02-05,"−0,243"
2020-02-04,"−0,2695"
2020-02-03,"−0,2984"
2020-01-31,"−0,2948"
2020-01-30,"−0,2747"
2020-01-29,"−0,2509"
2020-01-28,"−0,2355"
2020-01-27,"−0,2592"
2020-01-24,"−0,2242"
2020-01-23,"−0,2059"
2020-01-22,"−0,1772"
2020-01-21,"−0,1695"
2020-01-20,"−0,1549"
2020-01-17,"−0,1559"
2020-01-16,"−0,1562"
2020-01-15,"−0,1413"
2020-01-14,"−0,1266"
2020-01-13,"−0,1268"
2020-01-10,"−0,1482"
2020-01-09,"−0,145"
2020-01-08,"−0,1618"
2020-01-07,"−0,1943"
2020-01-06,"−0,1867"
2020-01-03,"−0,1782"
2020-01-02,"−0,1436"
2019-12-31,
2019-12-30,"−0,1071"
2019-12-27,"−0,1495"
2019-12-26,
2019-12-24,
2019-12-23,"−0,1441"
2019-12-20,"−0,1557"
2019-12-19,"−0,1531"
2019-12-18,"−0,1572"
2019-12-17,"−0,184"
2019-12-16,"−0,1809"
2019-12-13,"−0,191"
2019-12-12,"−0,1796"
2019-12-11,"−0,2084"
2019-12-10,"−0,19"
2019-12-09,"−0,1939"
2019-12-06,"−0,1786"
2019-12-05,"−0,187"
2019-12-04,"−0,2069"
2019-12-03,"−0,228"
2019-12-02,"−0,1801"
2019-11-29,"−0,2259"
2019-11-28,"−0,2327"
2019-11-27,"−0,2376"
2019-11-26,"−0,234"
2019-11-25,"−0,2212"
2019-11-22,"−0,2238"
2019-11-21,"−0,2033"
2019-11-20,"−0,222"
2019-11-19,"−0,2203"
2019-11-18,"−0,2179"
2019-11-15,"−0,2219"
2019-11-14,"−0,2312"
2019-11-13,"−0,2093"
2019-11-12,"−0,1887"
2019-11-11,"−0,1742"
2019-11-08,"−0,1758"
2019-11-07,"−0,1633"
2019-11-06,"−0,2329"
2019-11-05,"−0,2215"
2019-11-04,"−0,2394"
2019-11-01,"−0,2513"
2019-10-31,"−0,2573"
2019-10-30,"−0,2254"
2019-10-29,"−0,2279"
2019-10-28,"−0,2245"
2019-10-25,"−0,2404"
2019-10-24,"−0,2713"
2019-10-23,"−0,2716"
2019-10-22,"−0,2502"
2019-10-21,"−0,2437"
2019-10-18,"−0,2618"
2019-10-17,"−0,2832"
2019-10-16,"−0,2808"
2019-10-15,"−0,2966"
2019-10-14,"−0,3243"
2019-10-11,"−0,322"
2019-10-10,"−0,3429"
2019-10-09,"−0,3839"
2019-10-08,"−0,4215"
2019-10-07,"−0,4138"
2019-10-04,"−0,4236"
2019-10-03,"−0,4213"
2019-10-02,"−0,4022"
2019-10-01,"−0,404"
2019-09-30,"−0,4045"
2019-09-27,"−0,4047"
2019-09-26,"−0,3989"
2019-09-25,"−0,3941"
2019-09-24,"−0,4199"
2019-09-23,"−0,4072"
2019-09-20,"−0,3684"
2019-09-19,"−0,3686"
2019-09-18,"−0,3795"
2019-09-17,"−0,3589"
2019-09-16,"−0,3517"
2019-09-13,"−0,3315"
2019-09-12,"−0,3667"
2019-09-11,"−0,4418"
2019-09-10,"−0,4442"
2019-09-09,"−0,4623"
2019-09-06,"−0,4846"
2019-09-05,"−0,4607"
2019-09-04,"−0,5069"
2019-09-03,"−0,5259"
2019-09-02,"−0,5301"
2019-08-30,"−0,5204"
2019-08-29,"−0,5193"
2019-08-28,"−0,5144"
2019-08-27,"−0,5053"
2019-08-26,"−0,4744"
2019-08-23,"−0,474"
2019-08-22,"−0,4494"
2019-08-21,"−0,4806"
2019-08-20,"−0,5195"
2019-08-19,"−0,5024"
2019-08-16,"−0,5427"
2019-08-15,"−0,546"
2019-08-14,"−0,4706"
2019-08-13,"−0,44"
2019-08-12,"−0,4349"
2019-08-09,"−0,4339"
2019-08-08,"−0,4184"
2019-08-07,"−0,4307"
2019-08-06,"−0,3976"
2019-08-05,"−0,385"
2019-08-02,"−0,3711"
2019-08-01,"−0,3495"
2019-07-31,"−0,341"
2019-07-30,"−0,311"
2019-07-29,"−0,3137"
2019-07-26,"−0,3088"
2019-07-25,"−0,316"
2019-07-24,"−0,3166"
2019-07-23,"−0,3077"
2019-07-22,"−0,3032"
2019-07-19,"−0,295"
2019-07-18,"−0,2775"
2019-07-17,"−0,2651"
2019-07-16,"−0,2385"
2019-07-15,"−0,2233"
2019-07-12,"−0,197"
2019-07-11,"−0,198"
2019-07-10,"−0,2224"
2019-07-09,"−0,2417"
2019-07-08,"−0,2632"
2019-07-05,"−0,2652"
2019-07-04,"−0,2873"
2019-07-03,"−0,2737"
2019-07-02,"−0,2612"
2019-07-01,"−0,2496"
2019-06-28,"−0,227"
2019-06-27,"−0,2174"
2019-06-26,"−0,1989"
2019-06-25,"−0,2166"
2019-06-24,"−0,2039"
2019-06-21,"−0,1847"
2019-06-20,"−0,2118"
2019-06-19,"−0,2003"
2019-06-18,"−0,228"
2019-06-17,"−0,1588"
2019-06-14,"−0,1646"
2019-06-13,"−0,1564"
2019-06-12,"−0,1528"
2019-06-11,"−0,1467"
2019-06-10,"−0,1387"
2019-06-07,"−0,152"
2019-06-06,"−0,1311"
2019-06-05,"−0,1436"
2019-06-04,"−0,1047"
2019-06-03,"−0,0985"
2019-05-31,"−0,0922"
2019-05-30,"−0,0795"
2019-05-29,"−0,0785"
2019-05-28,"−0,0667"
2019-05-27,"−0,0536"
2019-05-24,"−0,0444"
2019-05-23,"−0,0531"
2019-05-22,"−0,0387"
2019-05-21,"−0,0209"
2019-05-20,"−0,0252"
2019-05-17,"−0,0309"
2019-05-16,"−0,0177"
2019-05-15,"−0,0281"
2019-05-14,"−0,0141"
2019-05-13,"−0,0049"
2019-05-10,"0,0095"
2019-05-09,"0,0138"
2019-05-08,"0,0104"
2019-05-07,"0,0059"
2019-05-06,"0,0337"
2019-05-03,"0,0449"
2019-05-02,"0,0435"
2019-05-01,
2019-04-30,"0,0408"
2019-04-29,"0,0355"
2019-04-26,"0,0273"
2019-04-25,"0,0308"
2019-04-24,"0,0213"
2019-04-23,"0,0531"
2019-04-22,
2019-04-18,"0,0423"
2019-04-17,"0,0758"
2019-04-16,"0,0632"
2019-04-15,"0,0601"
2019-04-12,"0,0576"
2019-04-11,"0,019"
2019-04-10,"0,0041"
2019-04-09,"0,0351"
2019-04-08,"0,0432"
2019-04-05,"0,0433"
2019-04-04,"0,0416"
2019-04-03,"0,0516"
2019-04-02,"0,0185"
2019-04-01,"0,0319"
2019-03-29,"0,0178"
2019-03-28,"0,0136"
2019-03-27,"−0,0043"
2019-03-26,"0,0572"
2019-03-25,"0,0445"
2019-03-22,"0,051"
2019-03-21,"0,0756"
2019-03-20,"0,0938"
2019-03-19,"0,102"
2019-03-18,"0,0892"
2019-03-15,"0,096"
2019-03-14,"0,101"
2019-03-13,"0,088"
2019-03-12,"0,0856"
2019-03-11,"0,089"
2019-03-08,"0,0821"
2019-03-07,"0,0782"
2019-03-06,"0,1304"
2019-03-05,"0,1589"
2019-03-04,"0,1629"
2019-03-01,"0,1744"
2019-02-28,"0,1718"
2019-02-27,"0,1542"
2019-02-26,"0,1276"
2019-02-25,"0,1253"
2019-02-22,"0,1168"
2019-02-21,"0,1396"
2019-02-20,"0,112"
2019-02-19,"0,1244"
2019-02-18,"0,1306"
2019-02-15,"0,1346"
2019-02-14,"0,1341"
2019-02-13,"0,1325"
2019-02-12,"0,1283"
2019-02-11,"0,1207"
2019-02-08,"0,105"
2019-02-07,"0,1243"
2019-02-06,"0,1523"
2019-02-05,"0,1566"
2019-02-04,"0,1593"
2019-02-01,"0,1511"
2019-01-31,"0,125"
2019-01-30,"0,1597"
2019-01-29,"0,1623"
2019-01-28,"0,1742"
2019-01-25,"0,1773"
2019-01-24,"0,1545"
2019-01-23,"0,1829"
2019-01-22,"0,1931"
2019-01-21,"0,2073"
2019-01-18,"0,2141"
2019-01-17,"0,1905"
2019-01-16,"0,1781"
2019-01-15,"0,1657"
2019-01-14,"0,1882"
2019-01-11,"0,2047"
2019-01-10,"0,2108"
2019-01-09,"0,224"
2019-01-08,"0,2163"
2019-01-07,"0,1974"
2019-01-04,"0,1898"
2019-01-03,"0,1508"
2019-01-02,"0,1515"
2018-12-31,
2018-12-28,"0,2014"
2018-12-27,"0,2087"
2018-12-26,
2018-12-24,
2018-12-21,"0,2286"
2018-12-20,"0,2295"
2018-12-19,"0,2415"
2018-12-18,"0,2542"
2018-12-17,"0,2655"
2018-12-14,"0,2623"
2018-12-13,"0,2799"
2018-12-12,"0,2923"
2018-12-11,"0,2637"
2018-12-10,"0,2655"
2018-12-07,"0,2646"
2018-12-06,"0,2663"
2018-12-05,"0,2727"
2018-12-04,"0,2478"
2018-12-03,"0,2749"
2018-11-30,"0,2765"
2018-11-29,"0,2816"
2018-11-28,"0,3047"
2018-11-27,"0,3011"
2018-11-26,"0,312"
2018-11-23,"0,3032"
2018-11-22,"0,3181"
2018-11-21,"0,318"
2018-11-20,"0,3192"
2018-11-19,"0,3247"
2018-11-16,"0,3259"
2018-11-15,"0,3269"
2018-11-14,"0,3455"
2018-11-13,"0,3574"
2018-11-12,"0,3514"
2018-11-09,"0,3616"
2018-11-08,"0,3855"
2018-11-07,"0,3741"
2018-11-06,"0,367"
2018-11-05,"0,3628"
2018-11-02,"0,3634"
2018-11-01,"0,3596"
2018-10-31,"0,3544"
2018-10-30,"0,3447"
2018-10-29,"0,3506"
2018-10-26,"0,34"
2018-10-25,"0,3671"
2018-10-24,"0,3607"
2018-10-23,"0,377"
2018-10-22,"0,389"
2018-10-19,"0,4066"
2018-10-18,"0,3732"
2018-10-17,"0,3847"
2018-10-16,"0,4059"
2018-10-15,"0,4239"
2018-10-12,"0,4257"
2018-10-11,"0,4432"
2018-10-10,"0,4532"
2018-10-09,"0,4435"
2018-10-08,"0,4462"
2018-10-05,"0,4664"
2018-10-04,"0,4428"
2018-10-03,"0,404"
2018-10-02,"0,3732"
2018-10-01,"0,3986"
2018-09-28,"0,3945"
2018-09-27,"0,428"
2018-09-26,"0,4131"
2018-09-25,"0,4224"
2018-09-24,"0,3951"
2018-09-21,"0,3503"
2018-09-20,"0,3576"
2018-09-19,"0,3598"
2018-09-18,"0,3546"
2018-09-17,"0,3439"
2018-09-14,"0,3281"
2018-09-13,"0,3225"
2018-09-12,"0,3151"
2018-09-11,"0,3203"
2018-09-10,"0,3091"
2018-09-07,"0,3053"
2018-09-06,"0,2911"
2018-09-05,"0,304"
2018-09-04,"0,285"
2018-09-03,"0,2769"
2018-08-31,"0,2756"
2018-08-30,"0,2875"
2018-08-29,"0,3079"
2018-08-28,"0,2919"
2018-08-27,"0,2955"
2018-08-24,"0,2819"
2018-08-23,"0,2766"
2018-08-22,"0,276"
2018-08-21,"0,2757"
2018-08-20,"0,2613"
2018-08-17,"0,2605"
2018-08-16,"0,2682"
2018-08-15,"0,2582"
2018-08-14,"0,272"
2018-08-13,"0,2683"
2018-08-10,"0,2741"
2018-08-09,"0,3036"
2018-08-08,"0,3139"
2018-08-07,"0,32"
2018-08-06,"0,313"
2018-08-03,"0,3247"
2018-08-02,"0,3456"
2018-08-01,"0,3525"
2018-07-31,"0,3341"
2018-07-30,"0,3285"
2018-07-27,"0,3091"
2018-07-26,"0,3108"
2018-07-25,"0,296"
2018-07-24,"0,2983"
2018-07-23,"0,3016"
2018-07-20,"0,2846"
2018-07-19,"0,2608"
2018-07-18,"0,2652"
2018-07-17,"0,2685"
2018-07-16,"0,2778"
2018-07-13,"0,2655"
2018-07-12,"0,2756"
2018-07-11,"0,2757"
2018-07-10,"0,2798"
2018-07-09,"0,263"
2018-07-06,"0,266"
2018-07-05,"0,2659"
2018-07-04,"0,2695"
2018-07-03,"0,2595"
2018-07-02,"0,2579"
2018-06-29,"0,2661"
2018-06-28,"0,2665"
2018-06-27,"0,2679"
2018-06-26,"0,2734"
2018-06-25,"0,2605"
2018-06-22,"0,2655"
2018-06-21,"0,2554"
2018-06-20,"0,2665"
2018-06-19,"0,2569"
2018-06-18,"0,2818"
2018-06-15,"0,2991"
2018-06-14,"0,3351"
2018-06-13,"0,383"
2018-06-12,"0,3951"
2018-06-11,"0,3962"
2018-06-08,"0,3796"
2018-06-07,"0,4031"
2018-06-06,"0,389"
2018-06-05,"0,3358"
2018-06-04,"0,3361"
2018-06-01,"0,334"
2018-05-31,"0,3075"
2018-05-30,"0,3055"
2018-05-29,"0,2474"
2018-05-28,"0,2924"
2018-05-25,"0,3155"
2018-05-24,"0,3527"
2018-05-23,"0,3771"
2018-05-22,"0,4101"
2018-05-21,"0,4023"
2018-05-18,"0,4186"
2018-05-17,"0,4505"
2018-05-16,"0,4296"
2018-05-15,"0,4506"
2018-05-14,"0,4342"
2018-05-11,"0,3998"
2018-05-10,"0,3887"
2018-05-09,"0,3891"
2018-05-08,"0,3855"
2018-05-07,"0,3673"
2018-05-04,"0,3725"
2018-05-03,"0,3668"
2018-05-02,"0,3992"
2018-05-01,
2018-04-30,"0,3886"
2018-04-27,"0,4033"
2018-04-26,"0,4171"
2018-04-25,"0,4385"
2018-04-24,"0,4212"
2018-04-23,"0,4261"
2018-04-20,"0,4103"
2018-04-19,"0,4153"
2018-04-18,"0,3733"
2018-04-17,"0,3639"
2018-04-16,"0,3776"
2018-04-13,"0,37"
2018-04-12,"0,3762"
2018-04-11,"0,3694"
2018-04-10,"0,3735"
2018-04-09,"0,367"
2018-04-06,"0,3661"
2018-04-05,"0,38"
2018-04-04,"0,3622"
2018-04-03,"0,3657"
2018-04-02,
2018-03-29,"0,3661"
2018-03-28,"0,3766"
2018-03-27,"0,3769"
2018-03-26,"0,4035"
2018-03-23,"0,4031"
2018-03-22,"0,3977"
2018-03-21,"0,4315"
2018-03-20,"0,4214"
2018-03-19,"0,4132"
2018-03-16,"0,4046"
2018-03-15,"0,4101"
2018-03-14,"0,4227"
2018-03-13,"0,4422"
2018-03-12,"0,4453"
2018-03-09,"0,4567"
2018-03-08,"0,4532"
2018-03-07,"0,4594"
2018-03-06,"0,4772"
2018-03-05,"0,4587"
2018-03-02,"0,4559"
2018-03-01,"0,4564"
2018-02-28,"0,4567"
2018-02-27,"0,4768"
2018-02-26,"0,4669"
2018-02-23,"0,4631"
2018-02-22,"0,4897"
2018-02-21,"0,4863"
2018-02-20,"0,4932"
2018-02-19,"0,4949"
2018-02-16,"0,4807"
2018-02-15,"0,5125"
2018-02-14,"0,4999"
2018-02-13,"0,4897"
2018-02-12,"0,5006"
2018-02-09,"0,4818"
2018-02-08,"0,4838"
2018-02-07,"0,4781"
2018-02-06,"0,4592"
2018-02-05,"0,473"
2018-02-02,"0,4959"
2018-02-01,"0,4812"
2018-01-31,"0,4774"
2018-01-30,"0,4768"
2018-01-29,"0,4852"
2018-01-26,"0,4557"
2018-01-25,"0,431"
2018-01-24,"0,3923"
2018-01-23,"0,3816"
2018-01-22,"0,3803"
2018-01-19,"0,3768"
2018-01-18,"0,3813"
2018-01-17,"0,3699"
2018-01-16,"0,3834"
2018-01-15,"0,3929"
2018-01-12,"0,3846"
2018-01-11,"0,3731"
2018-01-10,"0,3254"
2018-01-09,"0,3119"
2018-01-08,"0,2959"
2018-01-05,"0,3075"
2018-01-04,"0,3037"
2018-01-03,"0,3009"
2018-01-02,"0,3212"
2017-12-29,"0,3193"
2017-12-28,"0,3155"
2017-12-27,"0,2994"
2017-12-26,
2017-12-22,"0,3106"
2017-12-21,"0,3016"
2017-12-20,"0,2797"
2017-12-19,"0,2582"
2017-12-18,"0,2177"
2017-12-15,"0,2113"
2017-12-14,"0,2097"
2017-12-13,"0,2111"
2017-12-12,"0,2161"
2017-12-11,"0,2044"
2017-12-08,"0,2107"
2017-12-07,"0,1949"
2017-12-06,"0,1899"
2017-12-05,"0,1935"
2017-12-04,"0,2101"
2017-12-01,"0,2039"
2017-11-30,"0,2263"
2017-11-29,"0,2321"
2017-11-28,"0,2082"
2017-11-27,"0,2016"
2017-11-24,"0,2177"
2017-11-23,"0,2082"
2017-11-22,"0,2052"
2017-11-21,"0,1973"
2017-11-20,"0,2055"
2017-11-17,"0,2009"
2017-11-16,"0,2049"
2017-11-15,"0,2016"
2017-11-14,"0,2098"
2017-11-13,"0,2257"
2017-11-10,"0,219"
2017-11-09,"0,1964"
2017-11-08,"0,183"
2017-11-07,"0,1789"
2017-11-06,"0,1811"
2017-11-03,"0,199"
2017-11-02,"0,2005"
2017-11-01,"0,2056"
2017-10-31,"0,1963"
2017-10-30,"0,1995"
2017-10-27,"0,2082"
2017-10-26,"0,225"
2017-10-25,"0,269"
2017-10-24,"0,2568"
2017-10-23,"0,2317"
2017-10-20,"0,2446"
2017-10-19,"0,2158"
2017-10-18,"0,2162"
2017-10-17,"0,1961"
2017-10-16,"0,1972"
2017-10-13,"0,2185"
2017-10-12,"0,2406"
2017-10-11,"0,2581"
2017-10-10,"0,2387"
2017-10-09,"0,2418"
2017-10-06,"0,2522"
2017-10-05,"0,2409"
2017-10-04,"0,2432"
2017-10-03,"0,2461"
2017-10-02,"0,2474"
2017-09-29,"0,2513"
2017-09-28,"0,2512"
2017-09-27,"0,2494"
2017-09-26,"0,219"
2017-09-25,"0,2121"
2017-09-22,"0,2423"
2017-09-21,"0,2415"
2017-09-20,"0,225"
2017-09-19,"0,2261"
2017-09-18,"0,2355"
2017-09-15,"0,2221"
2017-09-14,"0,203"
2017-09-13,"0,1865"
2017-09-12,"0,1882"
2017-09-11,"0,1565"
2017-09-08,"0,145"
2017-09-07,"0,1381"
2017-09-06,"0,1501"
2017-09-05,"0,1361"
2017-09-04,"0,1532"
2017-09-01,"0,1641"
2017-08-31,"0,1642"
2017-08-30,"0,1633"
2017-08-29,"0,1555"
2017-08-28,"0,1802"
2017-08-25,"0,1821"
2017-08-24,"0,1846"
2017-08-23,"0,1793"
2017-08-22,"0,1947"
2017-08-21,"0,1961"
2017-08-18,"0,2119"
2017-08-17,"0,208"
2017-08-16,"0,2232"
2017-08-15,"0,2208"
2017-08-14,"0,2062"
2017-08-11,"0,1942"
2017-08-10,"0,2084"
2017-08-09,"0,2196"
2017-08-08,"0,2416"
2017-08-07,"0,2371"
2017-08-04,"0,2416"
2017-08-03,"0,2363"
2017-08-02,"0,2438"
2017-08-01,"0,2481"
2017-07-31,"0,2833"
2017-07-28,"0,2743"
2017-07-27,"0,2698"
2017-07-26,"0,2794"
2017-07-25,"0,2803"
2017-07-24,"0,2543"
2017-07-21,"0,2523"
2017-07-20,"0,2779"
2017-07-19,"0,2818"
2017-07-18,"0,3011"
2017-07-17,"0,3121"
2017-07-14,"0,3227"
2017-07-13,"0,3111"
2017-07-12,"0,307"
2017-07-11,"0,3176"
2017-07-10,"0,3193"
2017-07-07,"0,3323"
2017-07-06,"0,3327"
2017-07-05,"0,2767"
2017-07-04,"0,2771"
2017-07-03,"0,2758"
2017-06-30,"0,2792"
2017-06-29,"0,2636"
2017-06-28,"0,2158"
2017-06-27,"0,2268"
2017-06-26,"0,1426"
2017-06-23,"0,1389"
2017-06-22,"0,1304"
2017-06-21,"0,1409"
2017-06-20,"0,1297"
2017-06-19,"0,147"
2017-06-16,"0,1406"
2017-06-15,"0,1501"
2017-06-14,"0,1152"
2017-06-13,"0,1451"
2017-06-12,"0,1312"
2017-06-09,"0,1442"
2017-06-08,"0,1512"
2017-06-07,"0,1531"
2017-06-06,"0,154"
2017-06-05,"0,1666"
2017-06-02,"0,1635"
2017-06-01,"0,1761"
2017-05-31,"0,1672"
2017-05-30,"0,1668"
2017-05-29,"0,175"
2017-05-26,"0,1857"
2017-05-25,"0,2064"
2017-05-24,"0,222"
2017-05-23,"0,2259"
2017-05-22,"0,2328"
2017-05-19,"0,2137"
2017-05-18,"0,1952"
2017-05-17,"0,1958"
2017-05-16,"0,2422"
2017-05-15,"0,2254"
2017-05-12,"0,2241"
2017-05-11,"0,241"
2017-05-10,"0,2502"
2017-05-09,"0,2466"
2017-05-08,"0,2524"
2017-05-05,"0,2531"
2017-05-04,"0,2414"
2017-05-03,"0,2028"
2017-05-02,"0,2105"
2017-05-01,"0,2002"
2017-04-28,"0,2035"
2017-04-27,"0,1922"
2017-04-26,"0,2342"
2017-04-25,"0,2455"
2017-04-24,"0,2001"
2017-04-21,"0,1882"
2017-04-20,"0,1679"
2017-04-19,"0,1271"
2017-04-18,"0,1124"
2017-04-17,"0,126"
2017-04-14,"0,135"
2017-04-13,"0,127"
2017-04-12,"0,1374"
2017-04-11,"0,1374"
2017-04-10,"0,1435"
2017-04-07,"0,1631"
2017-04-06,"0,1591"
2017-04-05,"0,1591"
2017-04-04,"0,1573"
2017-04-03,"0,1625"
2017-03-31,"0,1869"
2017-03-30,"0,1888"
2017-03-29,"0,2085"
2017-03-28,"0,2517"
2017-03-27,"0,2563"
2017-03-24,"0,2821"
2017-03-23,"0,2872"
2017-03-22,"0,2637"
2017-03-21,"0,2955"
2017-03-20,"0,2805"
2017-03-17,"0,2677"
2017-03-16,"0,2754"
2017-03-15,"0,2575"
2017-03-14,"0,2759"
2017-03-13,"0,3041"
2017-03-10,"0,3323"
2017-03-09,"0,2671"
2017-03-08,"0,2109"
2017-03-07,"0,1756"
2017-03-06,"0,1918"
2017-03-03,"0,1944"
2017-03-02,"0,1475"
2017-03-01,"0,1038"
2017-02-28,"0,0816"
2017-02-27,"0,0988"
2017-02-24,"0,1056"
2017-02-23,"0,1096"
2017-02-22,"0,1434"
2017-02-21,"0,1383"
2017-02-20,"0,1372"
2017-02-17,"0,137"
2017-02-16,"0,1519"
2017-02-15,"0,1696"
2017-02-14,"0,175"
2017-02-13,"0,1628"
2017-02-10,"0,1464"
2017-02-09,"0,1417"
2017-02-08,"0,1234"
2017-02-07,"0,1582"
2017-02-06,"0,147"
2017-02-03,"0,1784"
2017-02-02,"0,1802"
2017-02-01,"0,2046"
2017-01-31,"0,1903"
2017-01-30,"0,1981"
2017-01-27,"0,201"
2017-01-26,"0,2037"
2017-01-25,"0,1918"
2017-01-24,"0,1466"
2017-01-23,"0,1242"
2017-01-20,"0,1697"
2017-01-19,"0,1351"
2017-01-18,"0,118"
2017-01-17,"0,0968"
2017-01-16,"0,0838"
2017-01-13,"0,0898"
2017-01-12,"0,0797"
2017-01-11,"0,0859"
2017-01-10,"0,1152"
2017-01-09,"0,1149"
2017-01-06,"0,124"
2017-01-05,"0,1009"
2017-01-04,"0,1006"
2017-01-03,"0,0894"
2017-01-02,"0,0735"
2016-12-30,"0,0805"
2016-12-29,"0,0906"
2016-12-28,"0,1041"
2016-12-27,"0,0898"
2016-12-23,"0,1152"
2016-12-22,"0,1273"
2016-12-21,"0,105"
2016-12-20,"0,116"
2016-12-19,"0,0971"
2016-12-16,"0,128"
2016-12-15,"0,1285"
2016-12-14,"0,115"
2016-12-13,"0,1337"
2016-12-12,"0,1568"
2016-12-09,"0,1353"
2016-12-08,"0,1423"
2016-12-07,"0,1484"
2016-12-06,"0,1696"
2016-12-05,"0,1223"
2016-12-02,"0,1058"
2016-12-01,"0,1548"
2016-11-30,"0,0959"
2016-11-29,"0,0519"
2016-11-28,"0,0751"
2016-11-25,"0,1027"
2016-11-24,"0,0908"
2016-11-23,"0,1038"
2016-11-22,"0,0985"
2016-11-21,"0,1287"
2016-11-18,"0,1266"
2016-11-17,"0,1471"
2016-11-16,"0,1415"
2016-11-15,"0,1452"
2016-11-14,"0,1534"
2016-11-11,"0,1423"
2016-11-10,"0,1141"
2016-11-09,"0,088"
2016-11-08,"0,0435"
2016-11-07,"0,035"
2016-11-04,"0,0212"
2016-11-03,"0,0333"
2016-11-02,"0,0106"
2016-11-01,"0,0206"
2016-10-31,"0,0165"
2016-10-28,"0,0163"
2016-10-27,"0,018"
2016-10-26,"−0,013"
2016-10-25,"−0,0332"
2016-10-24,"−0,0528"
2016-10-21,"−0,052"
2016-10-20,"−0,0673"
2016-10-19,"−0,0619"
2016-10-18,"−0,0683"
2016-10-17,"−0,0617"
2016-10-14,"−0,0457"
2016-10-13,"−0,0643"
2016-10-12,"−0,0649"
2016-10-11,"−0,0654"
2016-10-10,"−0,0556"
2016-10-07,"−0,0716"
2016-10-06,"−0,0838"
2016-10-05,"−0,1023"
2016-10-04,"−0,1121"
2016-10-03,"−0,1292"
2016-09-30,"−0,1282"
2016-09-29,"−0,1501"
2016-09-28,"−0,1558"
2016-09-27,"−0,1563"
2016-09-26,"−0,1491"
2016-09-23,"−0,146"
2016-09-22,"−0,1422"
2016-09-21,"−0,103"
2016-09-20,"−0,1188"
2016-09-19,"−0,1014"
2016-09-16,"−0,1101"
2016-09-15,"−0,0896"
2016-09-14,"−0,1106"
2016-09-13,"−0,0714"
2016-09-12,"−0,0889"
2016-09-09,"−0,1029"
2016-09-08,"−0,1326"
2016-09-07,"−0,1655"
2016-09-06,"−0,1584"
2016-09-05,"−0,1229"
2016-09-02,"−0,1046"
2016-09-01,"−0,1193"
2016-08-31,"−0,1187"
2016-08-30,"−0,1262"
2016-08-29,"−0,123"
2016-08-26,"−0,1025"
2016-08-25,"−0,1109"
2016-08-24,"−0,123"
2016-08-23,"−0,1194"
2016-08-22,"−0,1319"
2016-08-19,"−0,1137"
2016-08-18,"−0,1312"
2016-08-17,"−0,1215"
2016-08-16,"−0,1132"
2016-08-15,"−0,1175"
2016-08-12,"−0,136"
2016-08-11,"−0,121"
2016-08-10,"−0,1622"
2016-08-09,"−0,1318"
2016-08-08,"−0,1323"
2016-08-05,"−0,114"
2016-08-04,"−0,1276"
2016-08-03,"−0,108"
2016-08-02,"−0,0918"
2016-08-01,"−0,1295"
2016-07-29,"−0,1471"
2016-07-28,"−0,1244"
2016-07-27,"−0,1355"
2016-07-26,"−0,1073"
2016-07-25,"−0,1015"
2016-07-22,"−0,0966"
2016-07-21,"−0,1114"
2016-07-20,"−0,114"
2016-07-19,"−0,12"
2016-07-18,"−0,1251"
2016-07-15,"−0,1018"
2016-07-14,"−0,1302"
2016-07-13,"−0,1424"
2016-07-12,"−0,1213"
2016-07-11,"−0,1527"
2016-07-08,"−0,1643"
2016-07-07,"−0,1535"
2016-07-06,"−0,1442"
2016-07-05,"−0,1493"
2016-07-04,"−0,1292"
2016-07-01,"−0,1069"
2016-06-30,"−0,06"
2016-06-29,"−0,0717"
2016-06-28,"−0,0805"
2016-06-27,"−0,0716"
2016-06-24,"−0,0303"
2016-06-23,"0,0007"
2016-06-22,"−0,0222"
2016-06-21,"−0,0258"
2016-06-20,"−0,0378"
2016-06-17,"−0,0482"
2016-06-16,"−0,0322"
2016-06-15,"−0,0451"
2016-06-14,"−0,0281"
2016-06-13,"−0,0053"
2016-06-10,"−0,016"
2016-06-09,"−0,0081"
2016-06-08,"−0,0024"
2016-06-07,"−0,0158"
2016-06-06,"−0,0056"
2016-06-03,"−0,0071"
2016-06-02,"0,0138"
2016-06-01,"0,0222"
2016-05-31,"0,0233"
2016-05-30,"0,0266"
2016-05-27,"0,0092"
2016-05-26,"0,0032"
2016-05-25,"0,031"
2016-05-24,"0,0366"
2016-05-23,"0,0318"
2016-05-20,"0,0382"
2016-05-19,"0,0457"
2016-05-18,"0,0492"
2016-05-17,"0,0254"
2016-05-16,"0,0213"
2016-05-13,"0,0117"
2016-05-12,"0,0233"
2016-05-11,"0,0045"
2016-05-10,"−0,0033"
2016-05-09,"0,0087"
2016-05-06,"0,0376"
2016-05-05,"0,02"
2016-05-04,"0,0468"
2016-05-03,"0,0377"
2016-05-02,"0,0914"
2016-04-29,"0,0839"
2016-04-28,"0,0503"
2016-04-27,"0,0779"
2016-04-26,"0,086"
2016-04-25,"0,0697"
2016-04-22,"0,0492"
2016-04-21,"0,0613"
2016-04-20,"0,0322"
2016-04-19,"0,02"
2016-04-18,"0,0179"
2016-04-15,"0,0105"
2016-04-14,"0,0316"
2016-04-13,"0,0147"
2016-04-12,"0,0228"
2016-04-11,"−0,0053"
2016-04-08,"−0,0045"
2016-04-07,"−0,0008"
2016-04-06,"0,0154"
2016-04-05,"0,0148"
2016-04-04,"0,028"
2016-04-01,"0,0246"
2016-03-31,"0,026"
2016-03-30,"0,0306"
2016-03-29,"0,0191"
2016-03-28,"0,0604"
2016-03-25,"0,0509"
2016-03-24,"0,05"
2016-03-23,"0,0466"
2016-03-22,"0,0552"
2016-03-21,"0,0461"
2016-03-18,"0,0434"
2016-03-17,"0,0514"
2016-03-16,"0,0697"
2016-03-15,"0,0951"
2016-03-14,"0,1008"
2016-03-11,"0,0672"
2016-03-10,"0,0767"
2016-03-09,"0,0361"
2016-03-08,"0,0076"
2016-03-07,"0,0028"
2016-03-04,"0,0203"
2016-03-03,"−0,029"
2016-03-02,"0,0046"
2016-03-01,"−0,0139"
2016-02-29,"−0,0299"
2016-02-26,"0,0128"
2016-02-25,"0,0201"
2016-02-24,"0,0438"
2016-02-23,"0,0333"
2016-02-22,"0,0395"
2016-02-19,"0,053"
2016-02-18,"0,0404"
2016-02-17,"0,0685"
2016-02-16,"0,0677"
2016-02-15,"0,0641"
2016-02-12,"0,0965"
2016-02-11,"0,0608"
2016-02-10,"0,053"
2016-02-09,"0,0642"
2016-02-08,"0,0468"
2016-02-05,"0,0573"
2016-02-04,"0,0621"
2016-02-03,"0,0501"
2016-02-02,"0,0577"
2016-02-01,"0,0813"
2016-01-29,"0,0803"
2016-01-28,"0,1255"
2016-01-27,"0,128"
2016-01-26,"0,1381"
2016-01-25,"0,1546"
2016-01-22,"0,1539"
2016-01-21,"0,1354"
2016-01-20,"0,1958"
2016-01-19,"0,2124"
2016-01-18,"0,2209"
2016-01-15,"0,2325"
2016-01-14,"0,2444"
2016-01-13,"0,2339"
2016-01-12,"0,2473"
2016-01-11,"0,2569"
2016-01-08,"0,2462"
2016-01-07,"0,249"
2016-01-06,"0,2422"
2016-01-05,"0,272"
2016-01-04,"0,3148"
2016-01-01,"0,3466"
2015-12-31,"0,35"
2015-12-30,"0,3348"
2015-12-29,"0,3577"
2015-12-28,"0,3208"
2015-12-25,"0,3602"
2015-12-24,"0,3547"
2015-12-23,"0,3472"
2015-12-22,"0,3224"
2015-12-21,"0,2809"
2015-12-18,"0,268"
2015-12-17,"0,2908"
2015-12-16,"0,3293"
2015-12-15,"0,2989"
2015-12-14,"0,2612"
2015-12-11,"0,2274"
2015-12-10,"0,259"
2015-12-09,"0,2539"
2015-12-08,"0,249"
2015-12-07,"0,2607"
2015-12-04,"0,3094"
2015-12-03,"0,3377"
2015-12-02,"0,1462"
2015-12-01,"0,1501"
2015-11-30,"0,175"
2015-11-27,"0,1704"
2015-11-26,"0,1694"
2015-11-25,"0,17"
2015-11-24,"0,1957"
2015-11-23,"0,1711"
2015-11-20,"0,1809"
2015-11-19,"0,203"
2015-11-18,"0,2194"
2015-11-17,"0,2075"
2015-11-16,"0,239"
2015-11-13,"0,2303"
2015-11-12,"0,2552"
2015-11-11,"0,249"
2015-11-10,"0,2583"
2015-11-09,"0,2693"
2015-11-06,"0,3217"
2015-11-05,"0,2827"
2015-11-04,"0,2852"
2015-11-03,"0,2913"
2015-11-02,"0,2982"
2015-10-30,"0,274"
2015-10-29,"0,2755"
2015-10-28,"0,2474"
2015-10-27,"0,2334"
2015-10-26,"0,2583"
2015-10-23,"0,277"
2015-10-22,"0,2794"
2015-10-21,"0,3275"
2015-10-20,"0,3584"
2015-10-19,"0,3266"
2015-10-16,"0,3276"
2015-10-15,"0,3403"
2015-10-14,"0,3224"
2015-10-13,"0,3465"
2015-10-12,"0,347"
2015-10-09,"0,368"
2015-10-08,"0,3661"
2015-10-07,"0,367"
2015-10-06,"0,3547"
2015-10-05,"0,3409"
2015-10-02,"0,3217"
2015-10-01,"0,328"
2015-09-30,"0,3501"
2015-09-29,"0,3567"
2015-09-28,"0,3566"
2015-09-25,"0,375"
2015-09-24,"0,3806"
2015-09-23,"0,359"
2015-09-22,"0,3555"
2015-09-21,"0,3947"
2015-09-18,"0,3857"
2015-09-17,"0,3934"
2015-09-16,"0,4301"
2015-09-15,"0,4222"
2015-09-14,"0,3689"
2015-09-11,"0,373"
2015-09-10,"0,3871"
2015-09-09,"0,3767"
2015-09-08,"0,386"
2015-09-07,"0,3788"
2015-09-04,"0,3831"
2015-09-03,"0,4055"
2015-09-02,"0,4473"
2015-09-01,"0,4588"
2015-08-31,"0,4718"
2015-08-28,"0,4319"
2015-08-27,"0,426"
2015-08-26,"0,4354"
2015-08-25,"0,4374"
2015-08-24,"0,3777"
2015-08-21,"0,3599"
2015-08-20,"0,357"
2015-08-19,"0,3683"
2015-08-18,"0,3988"
2015-08-17,"0,3936"
2015-08-14,"0,4055"
2015-08-13,"0,388"
2015-08-12,"0,3786"
2015-08-11,"0,3865"
2015-08-10,"0,4128"
2015-08-07,"0,3942"
2015-08-06,"0,4171"
2015-08-05,"0,4355"
2015-08-04,"0,4107"
2015-08-03,"0,387"
2015-07-31,"0,4015"
2015-07-30,"0,404"
2015-07-29,"0,4142"
2015-07-28,"0,419"
2015-07-27,"0,4097"
2015-07-24,"0,4146"
2015-07-23,"0,4279"
2015-07-22,"0,4345"
2015-07-21,"0,4552"
2015-07-20,"0,4454"
2015-07-17,"0,4498"
2015-07-16,"0,483"
2015-07-15,"0,4655"
2015-07-14,"0,5006"
2015-07-13,"0,5212"
2015-07-10,"0,5627"
2015-07-09,"0,4973"
2015-07-08,"0,4587"
2015-07-07,"0,4601"
2015-07-06,"0,4711"
2015-07-03,"0,5055"
2015-07-02,"0,5321"
2015-07-01,"0,5182"
2015-06-30,"0,5044"
2015-06-29,"0,5076"
2015-06-26,"0,5866"
2015-06-25,"0,5339"
2015-06-24,"0,5198"
2015-06-23,"0,5676"
2015-06-22,"0,5602"
2015-06-19,"0,5216"
2015-06-18,"0,5361"
2015-06-17,"0,5358"
2015-06-16,"0,5479"
2015-06-15,"0,5625"
2015-06-12,"0,5716"
2015-06-11,"0,548"
2015-06-10,"0,5955"
2015-06-09,"0,5882"
2015-06-08,"0,5452"
2015-06-05,"0,5185"
2015-06-04,"0,4987"
2015-06-03,"0,5588"
2015-06-02,"0,4345"
2015-06-01,"0,4021"
2015-05-29,"0,3548"
2015-05-28,"0,387"
2015-05-27,"0,3733"
2015-05-26,"0,3814"
2015-05-25,"0,4185"
2015-05-22,"0,4057"
2015-05-21,"0,4207"
2015-05-20,"0,4023"
2015-05-19,"0,4051"
2015-05-18,"0,4148"
2015-05-15,"0,409"
2015-05-14,"0,4175"
2015-05-13,"0,4392"
2015-05-12,"0,4409"
2015-05-11,"0,4061"
2015-05-08,"0,3696"
2015-05-07,"0,39"
2015-05-06,"0,4111"
2015-05-05,"0,3787"
2015-05-04,"0,366"
2015-05-01,"0,3126"
2015-04-30,"0,3078"
2015-04-29,"0,2608"
2015-04-28,"0,2119"
2015-04-27,"0,2296"
2015-04-24,"0,2178"
2015-04-23,"0,2302"
2015-04-22,"0,2438"
2015-04-21,"0,2267"
2015-04-20,"0,2076"
2015-04-17,"0,2036"
2015-04-16,"0,2"
2015-04-15,"0,196"
2015-04-14,"0,2075"
2015-04-13,"0,2217"
2015-04-10,"0,2297"
2015-04-09,"0,2283"
2015-04-08,"0,2235"
2015-04-07,"0,2536"
2015-04-06,"0,278"
2015-04-03,"0,2802"
2015-04-02,"0,2828"
2015-04-01,"0,2527"
2015-03-31,"0,2499"
2015-03-30,"0,2734"
2015-03-27,"0,2688"
2015-03-26,"0,2615"
2015-03-25,"0,2796"
2015-03-24,"0,2888"
2015-03-23,"0,2942"
2015-03-20,"0,2583"
2015-03-19,"0,2531"
2015-03-18,"0,2547"
2015-03-17,"0,2885"
2015-03-16,"0,2871"
2015-03-13,"0,2774"
2015-03-12,"0,2849"
2015-03-11,"0,2584"
2015-03-10,"0,282"
2015-03-09,"0,3033"
2015-03-06,"0,331"
2015-03-05,"0,2976"
2015-03-04,"0,3112"
2015-03-03,"0,2927"
2015-03-02,"0,2804"
2015-02-27,"0,2707"
2015-02-26,"0,2648"
2015-02-25,"0,2776"
2015-02-24,"0,2949"
2015-02-23,"0,3008"
2015-02-20,"0,3357"
2015-02-19,"0,3122"
2015-02-18,"0,3141"
2015-02-17,"0,3162"
2015-02-16,"0,2881"
2015-02-13,"0,3176"
2015-02-12,"0,2984"
2015-02-11,"0,3145"
2015-02-10,"0,3328"
2015-02-09,"0,3192"
2015-02-06,"0,3199"
2015-02-05,"0,3312"
2015-02-04,"0,3224"
2015-02-03,"0,3169"
2015-02-02,"0,3119"
2015-01-30,"0,3117"
2015-01-29,"0,3219"
2015-01-28,"0,2897"
2015-01-27,"0,3162"
2015-01-26,"0,3345"
2015-01-23,"0,2811"
2015-01-22,"0,3265"
2015-01-21,"0,3357"
2015-01-20,"0,3136"
2015-01-19,"0,2922"
2015-01-16,"0,2947"
2015-01-15,"0,2866"
2015-01-14,"0,327"
2015-01-13,"0,3367"
2015-01-12,"0,3367"
2015-01-09,"0,3616"
2015-01-08,"0,356"
2015-01-07,"0,3606"
2015-01-06,"0,3495"
2015-01-05,"0,3482"
2015-01-02,"0,3454"
2015-01-01,"0,372"
2014-12-31,"0,3767"
2014-12-30,"0,3622"
2014-12-29,"0,3712"
2014-12-26,"0,4067"
2014-12-25,"0,408"
2014-12-24,"0,4102"
2014-12-23,"0,4092"
2014-12-22,"0,3956"
2014-12-19,"0,4061"
2014-12-18,"0,4071"
2014-12-17,"0,4081"
2014-12-16,"0,3894"
2014-12-15,"0,3937"
2014-12-12,"0,3917"
2014-12-11,"0,4194"
2014-12-10,"0,4171"
2014-12-09,"0,4162"
2014-12-08,"0,4075"
2014-12-05,"0,4444"
2014-12-04,"0,4264"
2014-12-03,"0,4074"
2014-12-02,"0,4353"
2014-12-01,"0,4581"
2014-11-28,"0,4065"
2014-11-27,"0,3995"
2014-11-26,"0,4028"
2014-11-25,"0,416"
2014-11-24,"0,4141"
2014-11-21,"0,4266"
2014-11-20,"0,4437"
2014-11-19,"0,4693"
2014-11-18,"0,4502"
2014-11-17,"0,4344"
2014-11-14,"0,4096"
2014-11-13,"0,4095"
2014-11-12,"0,4365"
2014-11-11,"0,4398"
2014-11-10,"0,4405"
2014-11-07,"0,4357"
2014-11-06,"0,4346"
2014-11-05,"0,4439"
2014-11-04,"0,4306"
2014-11-03,"0,4683"
2014-10-31,"0,4427"
2014-10-30,"0,4738"
2014-10-29,"0,5137"
2014-10-28,"0,495"
2014-10-27,"0,4883"
2014-10-24,"0,5048"
2014-10-23,"0,4977"
2014-10-22,"0,4751"
2014-10-21,"0,4888"
2014-10-20,"0,4644"
2014-10-17,"0,4832"
2014-10-16,"0,4763"
2014-10-15,"0,4052"
2014-10-14,"0,4458"
2014-10-13,"0,4687"
2014-10-10,"0,4649"
2014-10-09,"0,476"
2014-10-08,"0,4638"
2014-10-07,"0,458"
2014-10-06,"0,4652"
2014-10-03,"0,4646"
2014-10-02,"0,4725"
2014-10-01,"0,4323"
2014-09-30,"0,4489"
2014-09-29,"0,4749"
2014-09-26,"0,4799"
2014-09-25,"0,4708"
2014-09-24,"0,5127"
2014-09-23,"0,5019"
2014-09-22,"0,4846"
2014-09-19,"0,5082"
2014-09-18,"0,546"
2014-09-17,"0,4959"
2014-09-16,"0,5145"
2014-09-15,"0,4912"
2014-09-12,"0,5274"
2014-09-11,"0,4853"
2014-09-10,"0,4983"
2014-09-09,"0,49"
2014-09-08,"0,4861"
2014-09-05,"0,4744"
2014-09-04,"0,4805"
2014-09-03,"0,5109"
2014-09-02,"0,5145"
2014-09-01,"0,4987"
2014-08-29,"0,5181"
2014-08-28,"0,5143"
2014-08-27,"0,512"
2014-08-26,"0,5243"
2014-08-25,"0,5182"
2014-08-22,"0,5677"
2014-08-21,"0,5724"
2014-08-20,"0,5737"
2014-08-19,"0,5854"
2014-08-18,"0,6026"
2014-08-15,"0,5911"
2014-08-14,"0,5854"
2014-08-13,"0,6016"
2014-08-12,"0,6262"
2014-08-11,"0,6355"
2014-08-08,"0,645"
2014-08-07,"0,615"
2014-08-06,"0,6308"
2014-08-05,"0,6666"
2014-08-04,"0,663"
2014-08-01,"0,6552"
2014-07-31,"0,6618"
2014-07-30,"0,6726"
2014-07-29,"0,6383"
2014-07-28,"0,6418"
2014-07-25,"0,6442"
2014-07-24,"0,6592"
2014-07-23,"0,6493"
2014-07-22,"0,6533"
2014-07-21,"0,6347"
2014-07-18,"0,6418"
2014-07-17,"0,6315"
2014-07-16,"0,6387"
2014-07-15,"0,6579"
2014-07-14,"0,648"
2014-07-11,"0,6401"
2014-07-10,"0,6422"
2014-07-09,"0,6506"
2014-07-08,"0,6382"
2014-07-07,"0,6669"
2014-07-04,"0,6697"
2014-07-03,"0,6921"
2014-07-02,"0,6812"
2014-07-01,"0,6569"
2014-06-30,"0,6632"
2014-06-27,"0,6783"
2014-06-26,"0,6543"
2014-06-25,"0,6619"
2014-06-24,"0,6915"
2014-06-23,"0,6942"
2014-06-20,"0,7093"
2014-06-19,"0,6874"
2014-06-18,"0,7211"
2014-06-17,"0,7315"
2014-06-16,"0,7049"
2014-06-13,"0,7019"
2014-06-12,"0,699"
2014-06-11,"0,7263"
2014-06-10,"0,7431"
2014-06-09,"0,7168"
2014-06-06,"0,6974"
2014-06-05,"0,7524"
2014-06-04,"0,7995"
2014-06-03,"0,7979"
2014-06-02,"0,7749"
2014-05-30,"0,7797"
2014-05-29,"0,7583"
2014-05-28,"0,7468"
2014-05-27,"0,7751"
2014-05-26,"0,8113"
2014-05-23,"0,817"
2014-05-22,"0,8119"
2014-05-21,"0,8174"
2014-05-20,"0,7999"
2014-05-19,"0,8057"
2014-05-16,"0,7802"
2014-05-15,"0,7595"
2014-05-14,"0,7937"
2014-05-13,"0,8389"
2014-05-12,"0,8909"
2014-05-09,"0,9012"
2014-05-08,"0,9031"
2014-05-07,"0,9466"
2014-05-06,"0,9272"
2014-05-05,"0,9253"
2014-05-02,"0,9167"
2014-05-01,"0,9225"
2014-04-30,"0,9299"
2014-04-29,"0,9441"
2014-04-28,"0,9621"
2014-04-25,"0,974"
2014-04-24,"0,9752"
2014-04-23,"0,974"
2014-04-22,"0,953"
2014-04-21,"0,9703"
2014-04-18,"0,9719"
2014-04-17,"0,969"
2014-04-16,"0,9081"
2014-04-15,"0,9005"
2014-04-14,"0,9424"
2014-04-11,"0,9283"
2014-04-10,"0,9464"
2014-04-09,"0,996"
2014-04-08,"0,9626"
2014-04-07,"0,9514"
2014-04-04,"0,9494"
2014-04-03,"1,0149"
2014-04-02,"1,0156"
2014-04-01,"0,9926"
2014-03-31,"0,9876"
2014-03-28,"0,9765"
2014-03-27,"0,9695"
2014-03-26,"0,9696"
2014-03-25,"0,9977"
2014-03-24,"1,0146"
2014-03-21,"1,0567"
2014-03-20,"1,0618"
2014-03-19,"1,0605"
2014-03-18,"0,9887"
2014-03-17,"0,9929"
2014-03-14,"0,9846"
2014-03-13,"0,9425"
2014-03-12,"1,006"
2014-03-11,"1,0325"
2014-03-10,"1,032"
2014-03-07,"1,0529"
2014-03-06,"1,0542"
2014-03-05,"0,9832"
2014-03-04,"0,9974"
2014-03-03,"0,9851"
2014-02-28,"1,0135"
2014-02-27,"0,9668"
2014-02-26,"0,9926"
2014-02-25,"1,0227"
2014-02-24,"1,0504"
2014-02-21,"1,0221"
2014-02-20,"1,0401"
2014-02-19,"1,0143"
2014-02-18,"1,0032"
2014-02-17,"1,0347"
2014-02-14,"1,0316"
2014-02-13,"1,022"
2014-02-12,"1,0581"
2014-02-11,"1,038"
2014-02-10,"1,0426"
2014-02-07,"1,0411"
2014-02-06,"1,0646"
2014-02-05,"1,0083"
2014-02-04,"1,0143"
2014-02-03,"1,0074"
2014-01-31,"1,0209"
2014-01-30,"1,0684"
2014-01-29,"1,0753"
2014-01-28,"1,1049"
2014-01-27,"1,1174"
2014-01-24,"1,0932"
2014-01-23,"1,1269"
2014-01-22,"1,1516"
2014-01-21,"1,1269"
2014-01-20,"1,123"
2014-01-17,"1,1377"
2014-01-16,"1,1732"
2014-01-15,"1,2248"
2014-01-14,"1,2049"
2014-01-13,"1,1881"
2014-01-10,"1,199"
2014-01-09,"1,2663"
2014-01-08,"1,2697"
2014-01-07,"1,228"
2014-01-06,"1,2357"
2014-01-03,"1,2602"
2014-01-02,"1,2758"
2014-01-01,"1,264"
2013-12-31,"1,2641"
2013-12-30,"1,266"
2013-12-27,"1,302"
2013-12-26,"1,225"
2013-12-25,"1,225"
2013-12-24,"1,225"
2013-12-23,"1,2284"
2013-12-20,"1,2123"
2013-12-19,"1,1885"
2013-12-18,"1,1663"
2013-12-17,"1,143"
2013-12-16,"1,1777"
2013-12-13,"1,1583"
2013-12-12,"1,1515"
2013-12-11,"1,176"
2013-12-10,"1,157"
2013-12-09,"1,1693"
2013-12-06,"1,1731"
2013-12-05,"1,1932"
2013-12-04,"1,1374"
2013-12-03,"1,0755"
2013-12-02,"1,0846"
2013-11-29,"1,0668"
2013-11-28,"1,0601"
2013-11-27,"1,0619"
2013-11-26,"1,064"
2013-11-25,"1,0743"
2013-11-22,"1,0792"
2013-11-21,"1,0734"
2013-11-20,"1,1049"
2013-11-19,"1,1054"
2013-11-18,"1,0627"
2013-11-15,"1,0802"
2013-11-14,"1,0749"
2013-11-13,"1,0868"
2013-11-12,"1,1335"
2013-11-11,"1,1304"
2013-11-08,"1,1294"
2013-11-07,"1,0711"
2013-11-06,"1,1592"
2013-11-05,"1,1558"
2013-11-04,"1,1059"
2013-11-01,"1,1216"
2013-10-31,"1,1071"
2013-10-30,"1,1804"
2013-10-29,"1,1866"
2013-10-28,"1,2264"
2013-10-25,"1,2175"
2013-10-24,"1,209"
2013-10-23,"1,1923"
2013-10-22,"1,213"
2013-10-21,"1,2695"
2013-10-18,"1,2587"
2013-10-17,"1,2906"
2013-10-16,"1,3292"
2013-10-15,"1,3338"
2013-10-14,"1,327"
2013-10-11,"1,3107"
2013-10-10,"1,3209"
2013-10-09,"1,295"
2013-10-08,"1,3014"
2013-10-07,"1,2884"
2013-10-04,"1,3102"
2013-10-03,"1,276"
2013-10-02,"1,2635"
2013-10-01,"1,277"
2013-09-30,"1,2289"
2013-09-27,"1,2582"
2013-09-26,"1,2796"
2013-09-25,"1,2618"
2013-09-24,"1,2737"
2013-09-23,"1,318"
2013-09-20,"1,3452"
2013-09-19,"1,3502"
2013-09-18,"1,3321"
2013-09-17,"1,3856"
2013-09-16,"1,389"
2013-09-13,"1,4174"
2013-09-12,"1,4284"
2013-09-11,"1,4528"
2013-09-10,"1,4958"
2013-09-09,"1,4563"
2013-09-06,"1,4606"
2013-09-05,"1,5578"
2013-09-04,"1,4313"
2013-09-03,"1,4283"
2013-09-02,"1,4116"
2013-08-30,"1,3817"
2013-08-29,"1,3664"
2013-08-28,"1,3867"
2013-08-27,"1,3443"
2013-08-26,"1,3967"
2013-08-23,"1,4408"
2013-08-22,"1,3888"
2013-08-21,"1,3772"
2013-08-20,"1,3217"
2013-08-19,"1,3664"
2013-08-16,"1,3631"
2013-08-15,"1,3474"
2013-08-14,"1,3027"
2013-08-13,"1,3217"
2013-08-12,"1,2243"
2013-08-09,"1,1977"
2013-08-08,"1,2305"
2013-08-07,"1,2208"
2013-08-06,"1,2443"
2013-08-05,"1,2316"
2013-08-02,"1,1989"
2013-08-01,"1,2279"
2013-07-31,"1,175"
2013-07-30,"1,2157"
2013-07-29,"1,2022"
2013-07-26,"1,1895"
2013-07-25,"1,1826"
2013-07-24,"1,2068"
2013-07-23,"1,1331"
2013-07-22,"1,0863"
2013-07-19,"1,0775"
2013-07-18,"1,0527"
2013-07-17,"1,0848"
2013-07-16,"1,1036"
2013-07-15,"1,1159"
2013-07-12,"1,105"
2013-07-11,"1,1237"
2013-07-10,"1,1394"
2013-07-09,"1,0929"
2013-07-08,"1,1468"
2013-07-05,"1,1724"
2013-07-04,"1,1454"
2013-07-03,"1,224"
2013-07-02,"1,1859"
2013-07-01,"1,2445"
2013-06-28,"1,2364"
2013-06-27,"1,2427"
2013-06-26,"1,2724"
2013-06-25,"1,3566"
2013-06-24,"1,4032"
2013-06-21,"1,3381"
2013-06-20,"1,245"
2013-06-19,"1,1637"
2013-06-18,"1,0812"
2013-06-17,"1,052"
2013-06-14,"1,0493"
2013-06-13,"1,0758"
2013-06-12,"1,1243"
2013-06-11,"1,1428"
2013-06-10,"1,137"
2013-06-07,"1,0819"
2013-06-06,"1,0244"
2013-06-05,"0,9787"
2013-06-04,"1,0034"
2013-06-03,"0,9836"
2013-05-31,"0,9363"
2013-05-30,"0,9803"
2013-05-29,"0,9684"
2013-05-28,"0,9457"
2013-05-27,"0,9034"
2013-05-24,"0,8842"
2013-05-23,"0,8632"
2013-05-22,"0,8445"
2013-05-21,"0,838"
2013-05-20,"0,8127"
2013-05-17,"0,7928"
2013-05-16,"0,794"
2013-05-15,"0,8224"
2013-05-14,"0,8475"
2013-05-13,"0,8151"
2013-05-10,"0,8541"
2013-05-09,"0,7861"
2013-05-08,"0,8022"
2013-05-07,"0,8287"
2013-05-06,"0,762"
2013-05-03,"0,78"
2013-05-02,"0,7216"
2013-05-01,"0,7702"
2013-04-30,"0,7619"
2013-04-29,"0,7528"
2013-04-26,"0,7652"
2013-04-25,"0,77"
2013-04-24,"0,7772"
2013-04-23,"0,782"
2013-04-22,"0,78"
2013-04-19,"0,8107"
2013-04-18,"0,7931"
2013-04-17,"0,8097"
2013-04-16,"0,8436"
2013-04-15,"0,8221"
2013-04-12,"0,8438"
2013-04-11,"0,8932"
2013-04-10,"0,8871"
2013-04-09,"0,8832"
2013-04-08,"0,8649"
2013-04-05,"0,8331"
2013-04-04,"0,8428"
2013-04-03,"0,8831"
2013-04-02,"0,9077"
2013-04-01,
2013-03-29,"0,9348"
2013-03-28,"0,935"
2013-03-27,"0,9051"
2013-03-26,"0,8936"
2013-03-25,"0,8997"
2013-03-22,"0,9355"
2013-03-21,"0,9191"
2013-03-20,"0,9468"
2013-03-19,"0,9144"
2013-03-18,"0,8889"
2013-03-15,"0,9185"
2013-03-14,"0,9423"
2013-03-13,"0,9298"
2013-03-12,"0,9351"
2013-03-11,"0,9677"
2013-03-08,"0,9594"
2013-03-07,"0,9569"
2013-03-06,"0,9122"
2013-03-05,"0,9371"
2013-03-04,"0,9133"
2013-03-01,"0,8937"
2013-02-28,"0,9366"
2013-02-27,"0,9678"
2013-02-26,"0,9617"
2013-02-25,"0,9565"
2013-02-22,"1,0373"
2013-02-21,"1,0632"
2013-02-20,"1,1047"
2013-02-19,"1,0953"
2013-02-18,"1,0831"
2013-02-15,"1,0959"
2013-02-14,"1,0948"
2013-02-13,"1,1633"
2013-02-12,"1,1122"
2013-02-11,"1,0705"
2013-02-08,"1,0714"
2013-02-07,"1,0956"
2013-02-06,"1,1519"
2013-02-05,"1,1564"
2013-02-04,"1,1201"
2013-02-01,"1,1882"
2013-01-31,"1,1906"
2013-01-30,"1,1966"
2013-01-29,"1,1897"
2013-01-28,"1,2022"
2013-01-25,"1,1427"
2013-01-24,"1,0199"
2013-01-23,"1,006"
2013-01-22,"1,0253"
2013-01-21,"1,0352"
2013-01-18,"1,033"
2013-01-17,"1,0594"
2013-01-16,"0,9486"
2013-01-15,"0,9822"
2013-01-14,"0,9949"
2013-01-11,"0,9718"
2013-01-10,"0,946"
2013-01-09,"0,859"
2013-01-08,"0,8716"
2013-01-07,"0,9091"
2013-01-04,"0,9232"
2013-01-03,"0,9112"
2013-01-02,"0,8582"
2012-12-31,"0,7882"
2012-12-28,"0,7875"
2012-12-27,"0,783"
2012-12-26,"0,8233"
2012-12-24,"0,8217"
2012-12-21,"0,8185"
2012-12-20,"0,8348"
2012-12-19,"0,8503"
2012-12-18,"0,8434"
2012-12-17,"0,8348"
2012-12-14,"0,8199"
2012-12-13,"0,8055"
2012-12-12,"0,8136"
2012-12-11,"0,7728"
2012-12-10,"0,7621"
2012-12-07,"0,7692"
2012-12-06,"0,7837"
2012-12-05,"0,8541"
2012-12-04,"0,8746"
2012-12-03,"0,9028"
2012-11-30,"0,868"
2012-11-29,"0,885"
2012-11-28,"0,8806"
2012-11-27,"0,9148"
2012-11-26,"0,9199"
2012-11-23,"0,9158"
2012-11-22,"0,9109"
2012-11-21,"0,925"
2012-11-20,"0,9095"
2012-11-19,"0,8726"
2012-11-16,"0,8528"
2012-11-15,"0,8389"
2012-11-14,"0,8424"
2012-11-13,"0,8387"
2012-11-12,"0,8461"
2012-11-09,"0,851"
2012-11-08,"0,8724"
2012-11-07,"0,8874"
2012-11-06,"0,9457"
2012-11-05,"0,9441"
2012-11-02,"0,941"
2012-11-01,"0,9562"
2012-10-31,"0,9723"
2012-10-30,"0,9693"
2012-10-29,"0,975"
2012-10-26,"0,9863"
2012-10-25,"1,0353"
2012-10-24,"1,0191"
2012-10-23,"1,0371"
2012-10-22,"1,0655"
2012-10-19,"1,0162"
2012-10-18,"1,0551"
2012-10-17,"1,0594"
2012-10-16,"0,9898"
2012-10-15,"0,9672"
2012-10-12,"0,9407"
2012-10-11,"0,9318"
2012-10-10,"0,9333"
2012-10-09,"0,9447"
2012-10-08,"0,9466"
2012-10-05,"0,9744"
2012-10-04,"0,9737"
2012-10-03,"0,9325"
2012-10-02,"0,9596"
2012-10-01,"0,9595"
2012-09-28,"0,9603"
2012-09-27,"0,9669"
2012-09-26,"0,9635"
2012-09-25,"0,9604"
2012-09-24,"0,9356"
2012-09-21,"0,9494"
2012-09-20,"0,9774"
2012-09-19,"1,0327"
2012-09-18,"1,064"
2012-09-17,"1,0982"
2012-09-14,"1,1037"
2012-09-13,"1,0354"
2012-09-12,"1,0616"
2012-09-11,"1,0165"
2012-09-10,"1,005"
2012-09-07,"1,039"
2012-09-06,"1,0463"
2012-09-05,"0,9902"
2012-09-04,"0,9733"
2012-09-03,"0,9604"
2012-08-31,"0,9528"
2012-08-30,"0,9512"
2012-08-29,"0,9791"
2012-08-28,"0,982"
2012-08-27,"0,9808"
2012-08-24,"0,9753"
2012-08-23,"0,9988"
2012-08-22,"1,0411"
2012-08-21,"1,0657"
2012-08-20,"1,0657"
2012-08-17,"1,0871"
2012-08-16,"1,1196"
2012-08-15,"1,1433"
2012-08-14,"1,0941"
2012-08-13,"1,0602"
2012-08-10,"1,0455"
2012-08-09,"1,0709"
2012-08-08,"1,1068"
2012-08-07,"1,1374"
2012-08-06,"1,0915"
2012-08-03,"1,1383"
2012-08-02,"1,038"
2012-08-01,"1,0875"
2012-07-31,"1,0338"
2012-07-30,"1,0824"
2012-07-27,"1,1172"
2012-07-26,"1,1201"
2012-07-25,"1,0774"
2012-07-24,"1,0631"
2012-07-23,"1,0482"
2012-07-20,"1,0237"
2012-07-19,"1,0707"
2012-07-18,"1,0624"
2012-07-17,"1,095"
2012-07-16,"1,0965"
2012-07-13,"1,0949"
2012-07-12,"1,1037"
2012-07-11,"1,1415"
2012-07-10,"1,144"
2012-07-09,"1,1486"
2012-07-06,"1,1144"
2012-07-05,"1,1478"
2012-07-04,"1,2225"
2012-07-03,"1,2462"
2012-07-02,"1,2696"
2012-06-29,"1,3229"
2012-06-28,"1,315"
2012-06-27,"1,3192"
2012-06-26,"1,306"
2012-06-25,"1,269"
2012-06-22,"1,3353"
2012-06-21,"1,3106"
2012-06-20,"1,3908"
2012-06-19,"1,3603"
2012-06-18,"1,2794"
2012-06-15,"1,3136"
2012-06-14,"1,4033"
2012-06-13,"1,3814"
2012-06-12,"1,3838"
2012-06-11,"1,2649"
2012-06-08,"1,2947"
2012-06-07,"1,3255"
2012-06-06,"1,2897"
2012-06-05,"1,2092"
2012-06-04,"1,2017"
2012-06-01,"1,18"
2012-05-31,"1,1857"
2012-05-30,"1,1964"
2012-05-29,"1,2954"
2012-05-28,"1,2561"
2012-05-25,"1,268"
2012-05-24,"1,2857"
2012-05-23,"1,3261"
2012-05-22,"1,3419"
2012-05-21,"1,3933"
2012-05-18,"1,3645"
2012-05-17,"1,3546"
2012-05-16,"1,3749"
2012-05-15,"1,3622"
2012-05-14,"1,3536"
2012-05-11,"1,3687"
2012-05-10,"1,3689"
2012-05-09,"1,3788"
2012-05-08,"1,3618"
2012-05-07,"1,3652"
2012-05-04,"1,3389"
2012-05-03,"1,3773"
2012-05-02,"1,3791"
2012-05-01,"1,4459"
2012-04-30,"1,4379"
2012-04-27,"1,498"
2012-04-26,"1,5095"
2012-04-25,"1,5457"
2012-04-24,"1,5575"
2012-04-23,"1,5268"
2012-04-20,"1,5462"
2012-04-19,"1,5074"
2012-04-18,"1,4936"
2012-04-17,"1,5228"
2012-04-16,"1,5185"
2012-04-13,"1,5001"
2012-04-12,"1,526"
2012-04-11,"1,5297"
2012-04-10,"1,48"
2012-04-09,
2012-04-06,"1,5335"
2012-04-05,"1,5287"
2012-04-04,"1,5792"
2012-04-03,"1,6322"
2012-04-02,"1,5852"
2012-03-30,"1,606"
2012-03-29,"1,5903"
2012-03-28,"1,6093"
2012-03-27,"1,6187"
2012-03-26,"1,6464"
2012-03-23,"1,6096"
2012-03-22,"1,6405"
2012-03-21,"1,6656"
2012-03-20,"1,7207"
2012-03-19,"1,7459"
2012-03-16,"1,7407"
2012-03-15,"1,6821"
2012-03-14,"1,6507"
2012-03-13,"1,5497"
2012-03-12,"1,5217"
2012-03-09,"1,5335"
2012-03-08,"1,5421"
2012-03-07,"1,5348"
2012-03-06,"1,5443"
2012-03-05,"1,5466"
2012-03-02,"1,5242"
2012-03-01,"1,5693"
2012-02-29,"1,5638"
2012-02-28,"1,5624"
2012-02-27,"1,5465"
2012-02-24,"1,5902"
2012-02-23,"1,6103"
2012-02-22,"1,6145"
2012-02-21,"1,6405"
2012-02-20,"1,6399"
2012-02-17,"1,6234"
2012-02-16,"1,6123"
2012-02-15,"1,5651"
2012-02-14,"1,5847"
2012-02-13,"1,604"
2012-02-10,"1,585"
2012-02-09,"1,6738"
2012-02-08,"1,648"
2012-02-07,"1,6217"
2012-02-06,"1,5697"
2012-02-03,"1,6123"
2012-02-02,"1,5426"
2012-02-01,"1,5454"
2012-01-31,"1,5487"
2012-01-30,"1,6112"
2012-01-27,"1,646"
2012-01-26,"1,629"
2012-01-25,"1,7005"
2012-01-24,"1,7211"
2012-01-23,"1,6909"
2012-01-20,"1,6807"
2012-01-19,"1,6641"
2012-01-18,"1,6393"
2012-01-17,"1,6288"
2012-01-16,"1,588"
2012-01-13,"1,589"
2012-01-12,"1,642"
2012-01-11,"1,6564"
2012-01-10,"1,7283"
2012-01-09,"1,7247"
2012-01-06,"1,709"
2012-01-05,"1,7366"
2012-01-04,"1,7426"
2012-01-03,"1,745"
2012-01-02,"1,8059"
2011-12-30,"1,7203"
2011-12-29,"1,7694"
2011-12-28,"1,7848"
2011-12-27,"1,786"
2011-12-26,"1,8522"
2011-12-23,"1,8565"
2011-12-22,"1,847"
2011-12-21,"1,8615"
2011-12-20,"1,8511"
2011-12-19,"1,8063"
2011-12-16,"1,7989"
2011-12-15,"1,8381"
2011-12-14,"1,8519"
2011-12-13,"1,8807"
2011-12-12,"1,8966"
2011-12-09,"1,9565"
2011-12-08,"1,8982"
2011-12-07,"1,9794"
2011-12-06,"2,0401"
2011-12-05,"2,0537"
2011-12-02,"1,9916"
2011-12-01,"1,9731"
2011-11-30,"2,0552"
2011-11-29,"2,1357"
2011-11-28,"2,1095"
2011-11-25,"2,1106"
2011-11-24,"2,0907"
2011-11-23,"2,0598"
2011-11-22,"2,0036"
2011-11-21,"2,0592"
2011-11-18,"2,0931"
2011-11-17,"2,0121"
2011-11-16,"1,936"
2011-11-15,"1,8922"
2011-11-14,"1,8582"
2011-11-11,"1,9393"
2011-11-10,"1,874"
2011-11-09,"1,8179"
2011-11-08,"1,9792"
2011-11-07,"1,9052"
2011-11-04,"1,8873"
2011-11-03,"1,9136"
2011-11-02,"1,9155"
2011-11-01,"1,8679"
2011-10-31,"1,8794"
2011-10-28,"2,083"
2011-10-27,"2,104"
2011-10-26,"2,006"
2011-10-25,"1,9979"
2011-10-24,"2,0937"
2011-10-21,"2,083"
2011-10-20,"2,0569"
2011-10-19,"2,0342"
2011-10-18,"2,0584"
2011-10-17,"2,0479"
2011-10-14,"2,1582"
2011-10-13,"2,1141"
2011-10-12,"2,1684"
2011-10-11,"2,0817"
2011-10-10,"2,0945"
2011-10-07,"2,042"
2011-10-06,"2,0559"
2011-10-05,"1,9768"
2011-10-04,"1,9289"
2011-10-03,"1,8768"
2011-09-30,"1,9744"
2011-09-29,"2,0323"
2011-09-28,"2,0355"
2011-09-27,"1,9772"
2011-09-26,"1,9508"
2011-09-23,"1,8999"
2011-09-22,"1,851"
2011-09-21,"1,92"
2011-09-20,"1,9099"
2011-09-19,"1,9255"
2011-09-16,"1,954"
2011-09-15,"2,0347"
2011-09-14,"2,0112"
2011-09-13,"1,9228"
2011-09-12,"1,8787"
2011-09-09,"1,8638"
2011-09-08,"1,9456"
2011-09-07,"2,0056"
2011-09-06,"2,0104"
2011-09-05,"1,9414"
2011-09-02,"2,0158"
2011-09-01,"2,0954"
2011-08-31,"2,1956"
2011-08-30,"2,1408"
2011-08-29,"2,2007"
2011-08-26,"2,1332"
2011-08-25,"2,1506"
2011-08-24,"2,1857"
2011-08-23,"2,1043"
2011-08-22,"2,0717"
2011-08-19,"2,0501"
2011-08-18,"2,0267"
2011-08-17,"2,1106"
2011-08-16,"2,1703"
2011-08-15,"2,2362"
2011-08-12,"2,1849"
2011-08-11,"2,1722"
2011-08-10,"2,0734"
2011-08-09,"2,2231"
2011-08-08,"2,1889"
2011-08-05,"2,4506"
2011-08-04,"2,2741"
2011-08-03,"2,4345"
2011-08-02,"2,401"
2011-08-01,"2,4637"
2011-07-29,"2,4941"
2011-07-28,"2,53"
2011-07-27,"2,5266"
2011-07-26,"2,5974"
2011-07-25,"2,6336"
2011-07-22,"2,6696"
2011-07-21,"2,7096"
2011-07-20,"2,6143"
2011-07-19,"2,5557"
2011-07-18,"2,5407"
2011-07-15,"2,5409"
2011-07-14,"2,5658"
2011-07-13,"2,592"
2011-07-12,"2,5881"
2011-07-11,"2,539"
2011-07-08,"2,6812"
2011-07-07,"2,7902"
2011-07-06,"2,764"
2011-07-05,"2,8011"
2011-07-04,"2,8492"
2011-07-01,"2,8369"
2011-06-30,"2,8267"
2011-06-29,"2,7916"
2011-06-28,"2,7427"
2011-06-27,"2,6751"
2011-06-24,"2,6121"
2011-06-23,"2,6578"
2011-06-22,"2,7191"
2011-06-21,"2,7333"
2011-06-20,"2,727"
2011-06-17,"2,7185"
2011-06-16,"2,6766"
2011-06-15,"2,6627"
2011-06-14,"2,7402"
2011-06-13,"2,6981"
2011-06-10,"2,6864"
2011-06-09,"2,7738"
2011-06-08,"2,7971"
2011-06-07,"2,8456"
2011-06-06,"2,7845"
2011-06-03,"2,8396"
2011-06-02,"2,7828"
2011-06-01,"2,731"
2011-05-31,"2,7811"
2011-05-30,"2,7488"
2011-05-27,"2,752"
2011-05-26,"2,7666"
2011-05-25,"2,8228"
2011-05-24,"2,8236"
2011-05-23,"2,8128"
2011-05-20,"2,8695"
2011-05-19,"2,9322"
2011-05-18,"2,9379"
2011-05-17,"2,9095"
2011-05-16,"2,9127"
2011-05-13,"2,8845"
2011-05-12,"2,9328"
2011-05-11,"2,902"
2011-05-10,"2,928"
2011-05-09,"2,918"
2011-05-06,"2,953"
2011-05-05,"2,987"
2011-05-04,"3,11"
2011-05-03,"3,062"
2011-05-02,"3,059"
2011-04-29,"3,031"
2011-04-28,"3,06"
2011-04-27,"3,092"
2011-04-26,"3,0425"
2011-04-25,
2011-04-21,"3,074"
2011-04-20,"3,1"
2011-04-19,"3,08"
2011-04-18,"3,037"
2011-04-15,"3,132"
2011-04-14,"3,183"
2011-04-13,"3,145"
2011-04-12,"3,165"
2011-04-11,"3,244"
2011-04-08,"3,228"
2011-04-07,"3,1578"
2011-04-06,"3,17"
2011-04-05,"3,145"
2011-04-04,"3,12"
2011-04-01,"3,121"
2011-03-31,"3,111"
2011-03-30,"3,052"
2011-03-29,"3,085"
2011-03-28,"3,027"
2011-03-25,"3,025"
2011-03-24,3
2011-03-23,"2,953"
2011-03-22,"2,985"
2011-03-21,"2,992"
2011-03-18,"2,932"
2011-03-17,"2,885"
2011-03-16,"2,789"
2011-03-15,"2,888"
2011-03-14,"2,951"
2011-03-11,"2,955"
2011-03-10,"2,965"
2011-03-09,"3,005"
2011-03-08,"3,04"
2011-03-07,"3,01"
2011-03-04,"2,986"
2011-03-03,"3,0205"
2011-03-02,"2,885"
2011-03-01,"2,835"
2011-02-28,"2,835"
2011-02-25,"2,827"
2011-02-24,"2,835"
2011-02-23,"2,845"
2011-02-22,"2,825"
2011-02-21,"2,831"
2011-02-18,"2,849"
2011-02-17,"2,805"
2011-02-16,"2,85"
2011-02-15,"2,893"
2011-02-14,"2,916"
2011-02-11,"2,909"
2011-02-10,"2,9385"
2011-02-09,"2,92"
2011-02-08,"2,905"
2011-02-07,"2,867"
2011-02-04,"2,895"
2011-02-03,"2,834"
2011-02-02,"2,906"
2011-02-01,"2,883"
2011-01-31,"2,834"
2011-01-28,"2,816"
2011-01-27,"2,819"
2011-01-26,"2,796"
2011-01-25,"2,726"
2011-01-24,"2,756"
2011-01-21,"2,775"
2011-01-20,"2,766"
2011-01-19,"2,686"
2011-01-18,"2,689"
2011-01-17,"2,67"
2011-01-14,"2,666"
2011-01-13,"2,65"
2011-01-12,"2,565"
2011-01-11,"2,455"
2011-01-10,"2,439"
2011-01-07,"2,43"
2011-01-06,"2,478"
2011-01-05,"2,5245"
2011-01-04,"2,435"
2011-01-03,"2,449"
2010-12-31,"2,516"
2010-12-30,"2,498"
2010-12-29,"2,523"
2010-12-28,"2,578"
2010-12-27,"2,5935"
2010-12-24,"2,56"
2010-12-23,"2,557"
2010-12-22,"2,531"
2010-12-21,"2,578"
2010-12-20,"2,6018"
2010-12-17,"2,6195"
2010-12-16,"2,6445"
2010-12-15,"2,67"
2010-12-14,"2,673"
2010-12-13,"2,567"
2010-12-10,"2,606"
2010-12-09,"2,544"
2010-12-08,"2,5505"
2010-12-07,"2,4825"
2010-12-06,"2,396"
2010-12-03,"2,435"
2010-12-02,"2,444"
2010-12-01,"2,417"
2010-11-30,"2,309"
2010-11-29,"2,39"
2010-11-26,"2,366"
2010-11-25,"2,358"
2010-11-24,"2,34"
2010-11-23,"2,257"
2010-11-22,"2,314"
2010-11-19,"2,3658"
2010-11-18,"2,365"
2010-11-17,"2,3015"
2010-11-16,"2,27"
2010-11-15,"2,275"
2010-11-12,"2,221"
2010-11-11,"2,15"
2010-11-10,"2,132"
2010-11-09,"2,149"
2010-11-08,"2,101"
2010-11-05,"2,101"
2010-11-04,"2,085"
2010-11-03,"2,126"
2010-11-02,"2,159"
2010-11-01,"2,162"
2010-10-29,"2,1695"
2010-10-28,"2,217"
2010-10-27,"2,213"
2010-10-26,"2,183"
2010-10-25,"2,143"
2010-10-22,"2,141"
2010-10-21,"2,151"
2010-10-20,"2,101"
2010-10-19,"2,047"
2010-10-18,"2,025"
2010-10-15,"2,025"
2010-10-14,"1,97"
2010-10-13,"1,917"
2010-10-12,"1,952"
2010-10-11,"1,9275"
2010-10-08,"1,95"
2010-10-07,"1,953"
2010-10-06,"1,937"
2010-10-05,"1,97"
2010-10-04,"1,954"
2010-10-01,"1,993"
2010-09-30,"1,982"
2010-09-29,"1,958"
2010-09-28,"1,936"
2010-09-27,"1,9435"
2010-09-24,"1,9908"
2010-09-23,"1,946"
2010-09-22,"1,9875"
2010-09-21,"2,005"
2010-09-20,"2,059"
2010-09-17,"2,035"
2010-09-16,"2,058"
2010-09-15,"2,013"
2010-09-14,"1,946"
2010-09-13,"1,975"
2010-09-10,"1,969"
2010-09-09,"1,934"
2010-09-08,"1,873"
2010-09-07,"1,832"
2010-09-06,"1,906"
2010-09-03,"1,941"